id,time,xloc_kf,yloc_kf,lane_kf,speed_kf_x,speed_kf_y,acceleration_kf_x,acceleration_kf_y,length_smoothed,width_smoothed,type_most_common
16999,5575.4,36.08365182898896,173.85430398652093,46,1.151407384081894,-0.09144078090735,0.503857364287562,-0.018661383862019,0.0,0.0,0
16999,5575.5,36.20383114103834,173.84497329459157,46,1.201793120489432,-0.093306919292731,0.50385736407354,-0.018661383853743,0.0,0.0,0
16999,5575.6,36.32998209592248,173.83582921650083,46,1.261509548836799,-0.091440780907086,0.597164283471502,0.018661383856375,0.0,0.0,0
16999,5575.7,36.46341099051147,173.8266851384101,46,1.334288945897162,-0.091440780907634,0.727793970607601,-5.474e-12,0.0,0.0,0
16999,5575.8,36.60337136945097,173.81698121880373,46,1.399603789389896,-0.097039196064019,0.653148434924961,-0.055984151563651,0.0,0.0,0
16999,5575.9,36.74874354970947,173.8061576161657,46,1.453721802592913,-0.108236026380575,0.541180132033121,-0.111968303166166,0.0,0.0,0
16999,5576.0,36.89878107593261,173.7944009443347,46,1.500375262225985,-0.117566718309233,0.46653459632903,-0.093306919286242,0.0,0.0,0
16999,5576.1,37.05479024499051,173.7824576586652,46,1.560091690573282,-0.119432856694593,0.597164283470792,-0.018661383853533,0.0,0.0,0
16999,5576.2,37.21714428456032,173.77070098683433,46,1.623540395706988,-0.11756671830945,0.634487051340527,0.018661383851536,0.0,0.0,0
16999,5576.3,37.38621642231925,173.75931754268055,46,1.690721377583162,-0.113834441537376,0.671809818759291,0.0373227677206,0.0,0.0,0
16999,5576.4,37.56163343059008,173.7484939400426,46,1.754170082717843,-0.108236026380006,0.634487051350275,0.055984151574001,0.0,0.0,0
16999,5576.5,37.74227562634133,173.7372971097274,46,1.806421957505969,-0.111968303151732,0.522518747879359,-0.037322767717117,0.0,0.0,0
16999,5576.6,37.92870285108874,173.72591366557364,46,1.864272247467266,-0.113834441537092,0.578502899610865,-0.018661383853533,0.0,0.0,0
16999,5576.7,38.12240801554101,173.71434360758133,46,1.937051644533324,-0.115700579923788,0.727793970664553,-0.018661383867068,0.0,0.0,0
16999,5576.8,38.32264466434378,173.70240032191185,46,2.002366488020363,-0.119432856694309,0.653148434868009,-0.037322767705069,0.0,0.0,0
16999,5576.9,38.5290395698199,173.6900838085651,46,2.063949054772501,-0.123165133467854,0.615825667524746,-0.03732276773566,0.0,0.0,0
16999,5577.0,38.74140611813077,173.67702083986413,46,2.123665483100955,-0.130629687009596,0.597164283282367,-0.07464553541714,0.0,0.0,0
16999,5577.1,38.95358605260305,173.66433109884028,46,2.121799344715098,-0.126897410238023,-0.018661383858508,0.037322767715592,0.0,0.0,0
16999,5577.2,39.16557937323675,173.651827971655,46,2.119933206348592,-0.125031271853516,-0.018661383665157,0.018661383845173,0.0,0.0,0
16999,5577.3,39.37887899074055,173.63988468598552,46,2.132996175030242,-0.119432856694309,0.130629686816026,0.055984151591865,0.0,0.0,0
16999,5577.4,39.59236522208293,173.627941400316,46,2.134862313435445,-0.119432856695964,0.018661384052132,-1.6547e-11,0.0,0.0,0
16999,5577.5,39.8047317703938,173.61581150080792,46,2.123665483100955,-0.121298995080237,-0.111968303344493,-0.01866138384267,0.0,0.0,0
16999,5577.6,40.015605407995984,173.60349498746123,46,2.108736376014166,-0.12316513346645,-0.149291070867344,-0.018661383862059,0.0,0.0,0
16999,5577.7,40.22498613488947,173.59136508795316,46,2.093807268946279,-0.12129899508134,-0.149291070679689,0.018661383851197,0.0,0.0,0
16999,5577.8,40.43324717875144,173.5794218022837,46,2.082610438612091,-0.119432856694309,-0.111968303341473,0.018661383870249,0.0,0.0,0
16999,5577.9,40.64094838109767,173.56747851661413,46,2.077012023473693,-0.119432856696248,-0.055984151384284,-1.9389e-11,0.0,0.0,0
16999,5578.0,40.84790312808954,173.5551620032674,46,2.06954746991116,-0.12316513346645,-0.074645535625061,-0.037322767701888,0.0,0.0,0
16999,5578.1,41.05299173669555,173.5426588760822,46,2.050886086052656,-0.12503127185181,-0.186613838584356,-0.018661383853533,0.0,0.0,0
16999,5578.2,41.25658743459288,173.53015574889693,46,2.035956978984385,-0.125031271853516,-0.14929107068353,-1.7056e-11,0.0,0.0,0
16999,5578.3,41.45962329097445,173.5185856909046,46,2.030358563808296,-0.11570057992302,-0.055984151760691,0.093306919304615,0.0,0.0,0
16999,5578.4,41.66359221654895,173.50813531594375,46,2.039689255756134,-0.104503749608968,0.093306919478893,0.111968303141133,0.0,0.0,0
16999,5578.5,41.86700130060769,173.497684940983,46,2.03409084058001,-0.104503749607165,-0.055984151761029,1.8031e-11,0.0,0.0,0
16999,5578.6,42.069104087796326,173.48611488299068,46,2.021027871879008,-0.115700579922736,-0.130629687009547,-0.111968303155303,0.0,0.0,0
16999,5578.7,42.27046041963062,173.47305191428964,46,2.013563318353963,-0.130629687011068,-0.074645535250862,-0.149291070884134,0.0,0.0,0
16999,5578.8,42.471816751464914,173.45849603487991,46,2.013563318335578,-0.14555879409674,-1.83844e-10,-0.149291070856173,0.0,0.0,0
16999,5578.9,42.67485260784648,173.44282047243868,46,2.030358563826761,-0.156755624413168,0.167952454912747,-0.111968303164894,0.0,0.0,0
16999,5579.0,42.878261691905216,173.425092157773,46,2.034090840579939,-0.177283146656103,0.037322767531644,-0.205275222428606,0.0,0.0,0
16999,5579.1,43.08073770677103,173.40531109088292,46,2.024760148650794,-0.19781066890018,-0.093306919291114,-0.205275222440021,0.0,0.0,0
16999,5579.2,43.28228065244391,173.38497018247705,46,2.015429456739766,-0.203409084059816,-0.093306919110788,-0.055984151596661,0.0,0.0,0
16999,5579.3,43.48475666730972,173.3651891155869,46,2.024760148650723,-0.197810668900748,0.093306919109229,0.055984151590467,0.0,0.0,0
16999,5579.4,43.68984527591574,173.3472741870826,46,2.05088608607138,-0.179149285043661,0.261259374207996,0.186613838571892,0.0,0.0,0
16999,5579.5,43.89642679523044,173.32991910009417,46,2.065815193139516,-0.173550869883962,0.149291070680818,0.055984151596787,0.0,0.0,0
16999,5579.6,44.10151540383645,173.31163094391275,46,2.050886086052656,-0.182881561813604,-0.149291070868055,-0.093306919296086,0.0,0.0,0
16999,5579.7,44.30492448789519,173.2922231046998,46,2.03409084059851,-0.194078392130656,-0.167952454542377,-0.111968303171131,0.0,0.0,0
16999,5579.8,44.50702727508383,173.27150896861676,46,2.021027871879008,-0.207141360829538,-0.130629687194546,-0.130629686988343,0.0,0.0,0
16999,5579.9,44.709689903788224,173.2498617633408,46,2.026626287055012,-0.216472052760865,0.055984151760348,-0.09330691931378,0.0,0.0,0
16999,5580.0,44.91328560168555,173.22746810271047,46,2.035956978965868,-0.223936606302326,0.093306919108212,-0.074645535414339,0.0,0.0,0
16999,5580.1,45.11594823038995,173.20339491753293,46,2.02662628703658,-0.240731851775115,-0.093306919292531,-0.167952454727271,0.0,0.0,0
16999,5580.2,45.31711794838565,173.1785752770009,46,2.011697179968017,-0.248196405321086,-0.149291070686448,-0.074645535460121,0.0,0.0,0
16999,5580.3,45.51847428021995,173.15468870566193,46,2.013563318335649,-0.238865713388902,0.018661383676254,0.093306919321502,0.0,0.0,0
16999,5580.4,45.72020383973141,173.1313619758386,46,2.017295595125641,-0.233267298234091,0.037322767900116,0.055984151548419,0.0,0.0,0
16999,5580.5,45.92212001308147,173.10747540449967,46,2.019161733493222,-0.238865713388902,0.018661383675743,-0.05598415154791,0.0,0.0,0
16999,5580.6,46.12235666188425,173.0819093086134,46,2.002366488020505,-0.25566095886169,-0.167952454726558,-0.167952454727271,0.0,0.0,0
16999,5580.7,46.3201673307854,173.0546636881798,46,1.978106689022348,-0.272456204337525,-0.242597989982887,-0.167952454759263,0.0,0.0,0
16999,5580.8,46.516298475139294,173.0268582262305,46,1.961311443531783,-0.27805461949198,-0.167952454905047,-0.055984151544345,0.0,0.0,0
16999,5580.9,46.71317607484752,172.9992393781198,46,1.968775997092976,-0.276188481108563,0.074645535612344,0.018661383834268,0.0,0.0,0
16999,5581.0,46.91154658526444,172.9710606884933,46,1.983705104162001,-0.281786896263837,0.149291070689704,-0.055984151552533,0.0,0.0,0
16999,5581.1,47.10954386800419,172.94194892967388,46,1.979972827390286,-0.291117588193195,-0.037322767717014,-0.093306919293244,0.0,0.0,0
16999,5581.2,47.30586162619666,172.91171748782295,46,1.963177581935424,-0.302314418510947,-0.167952454549538,-0.111968303178133,0.0,0.0,0
16999,5581.3,47.50161954287336,172.881486045972,46,1.957579166759854,-0.302314418508482,-0.055984151755491,2.4653e-11,0.0,0.0,0
16999,5581.4,47.69831052874301,172.8527475148298,46,1.966909858707244,-0.287385311423667,0.093306919474404,0.149291070848958,0.0,0.0,0
16999,5581.5,47.89649442532135,172.8255018943962,46,1.981838965776215,-0.272456204334762,0.149291070689164,0.149291070888507,0.0,0.0,0
16999,5581.6,48.09486493573826,172.79881611547844,46,1.983705104161859,-0.266857789176693,0.018661383856374,0.055984151580494,0.0,0.0,0
16999,5581.7,48.292302376962255,172.7717571088834,46,1.974374412250742,-0.270590065951863,-0.093306919111683,-0.03732276775191,0.0,0.0,0
16999,5581.8,48.48824690747755,172.7439516469341,46,1.959445305145854,-0.27805461949198,-0.149291071048333,-0.07464553540089,0.0,0.0,0
16999,5581.9,48.68251191344558,172.7152131157918,46,1.942650059690876,-0.287385311424236,-0.167952454550692,-0.093306919323072,0.0,0.0,0
16999,5582.0,48.87770998860653,172.68722104000395,46,1.951980751602424,-0.279920757877908,0.09330691911514,0.074645535463006,0.0,0.0,0
16999,5582.1,49.07440097447618,172.6592289642161,46,1.966909858689284,-0.27992075787734,0.149291070868053,5.684e-12,0.0,0.0,0
16999,5582.2,49.27015889115289,172.6304904330738,46,1.957579166777801,-0.287385311424804,-0.093306919115342,-0.074645535475054,0.0,0.0,0
16999,5582.3,49.463490827927984,172.60137867425453,46,1.933319367743921,-0.291117588192058,-0.242597990337917,-0.037322767672402,0.0,0.0,0
16999,5582.4,49.65477001247864,172.5724535292736,46,1.912791845517028,-0.289251449810466,-0.20527522227005,0.018661383816026,0.0,0.0,0
16999,5582.5,49.84530274167494,172.5455811365172,46,1.905327291956059,-0.268723927562906,-0.074645535609416,0.205275222474855,0.0,0.0,0
16999,5582.6,50.0365819262256,172.52150795133963,46,1.912791845499631,-0.24073185177483,0.074645535435448,0.279920757879732,0.0,0.0,0
16999,5582.7,50.22767449693766,172.499674132225,46,1.910925707131011,-0.218338191147095,-0.0186613836863,0.223936606278575,0.0,0.0,0
16999,5582.8,50.41708754310245,172.4785867684649,46,1.894130461640985,-0.210873637600827,-0.167952454899646,0.074645535462411,0.0,0.0,0
16999,5582.9,50.60444783704279,172.4580592462204,46,1.873602939413665,-0.205275222446045,-0.205275222274327,0.055984151548122,0.0,0.0,0
16999,5583.0,50.791248289467376,172.43846479316883,46,1.868004524239052,-0.19594453051482,-0.055984151745923,0.093306919311914,0.0,0.0,0
16999,5583.1,50.979168424923486,172.4209230923418,46,1.879201354554268,-0.175417008269606,0.111968303151749,0.205275222451389,0.0,0.0,0
16999,5583.2,51.16839485724969,172.40506091606196,46,1.892264323272337,-0.158621762799398,0.130629687181414,0.167952454703003,0.0,0.0,0
16999,5583.3,51.35743467573731,172.3908782643294,46,1.890398184869341,-0.141826517325167,-0.018661384029895,0.167952454741697,0.0,0.0,0
16999,5583.4,51.54516819735482,172.37781529562835,46,1.877335216185342,-0.130629687011068,-0.130629686840704,0.111968303141599,0.0,0.0,0
16999,5583.5,51.73178203594082,172.3664318514746,46,1.866138385853194,-0.113834441536808,-0.111968303321072,0.167952454741994,0.0,0.0,0
16999,5583.6,51.91932894371975,172.3580342287383,46,1.875469077782482,-0.083976227363088,0.093306919292533,0.298582141736107,0.0,0.0,0
16999,5583.7,52.10687585149868,172.3524358135807,46,1.875469077799539,-0.055984151576091,1.70575e-10,0.279920757871502,0.0,0.0,0
16999,5583.8,52.29274323473034,172.3481436952932,46,1.858673832309836,-0.042921182874935,-0.167952454896425,0.130629687011086,0.0,0.0,0
16999,5583.9,52.4758114103832,172.3447846461987,46,1.830681756538624,-0.033590490945313,-0.279920757713645,0.093306919296722,0.0,0.0,0
17003,5576.7,29.132472955499043,154.62859988003677,47,1.043171357701355,-0.330306494299277,0.485195980418331,-0.205275222480455,0.0,0.0,0
17003,5576.8,29.24201527874903,154.59407631989836,47,1.095423232495876,-0.345235601382848,0.522518747943312,-0.14929107083517,0.0,0.0,0
17003,5576.9,29.356969403318008,154.5580598490513,47,1.149541245696055,-0.360164708472699,0.541180132004744,-0.149291070899326,0.0,0.0,0
17003,5577.0,29.477521943044565,154.52111030901133,47,1.205525397261147,-0.369495400398782,0.559841515648875,-0.093306919260487,0.0,0.0,0
17003,5577.1,29.60385951176728,154.4834143136169,47,1.263375687222586,-0.376959953942496,0.578502899612286,-0.074645535436869,0.0,0.0,0
17003,5577.2,29.737101792517688,154.44534509054532,47,1.332422807511359,-0.380692230717815,0.6904712028915,-0.037322767753398,0.0,0.0,0
17003,5577.3,29.877248785295773,154.40708925363515,47,1.401469927775753,-0.382558369100281,0.690471202641431,-0.018661383824593,0.0,0.0,0
17003,5577.4,30.02374064858578,154.36864680288647,47,1.464918632908053,-0.384424507488854,0.634487051326456,-0.018661383885823,0.0,0.0,0
17003,5577.5,30.17489785784044,154.3290846691062,47,1.511572092541094,-0.395621337801213,0.466534596328722,-0.111968303123183,0.0,0.0,0
17003,5577.6,30.33165348225268,154.2912020598733,47,1.567556244116712,-0.378826092327572,0.559841515754135,0.167952454735798,0.0,0.0,0
17003,5577.7,30.494940591015432,154.2568651135734,47,1.632871087636431,-0.343369463000611,0.653148435200762,0.354566293271543,0.0,0.0,0
17003,5577.8,30.66475918412869,154.2253273748524,47,1.698185931126414,-0.315377387209129,0.65314843489745,0.279920757913804,0.0,0.0,0
17003,5577.9,30.840549420076705,154.1964022298716,47,1.757902359489734,-0.289251449809613,0.597164283636459,0.261259373996583,0.0,0.0,0
17003,5578.0,31.021191615827952,154.16878338176087,47,1.806421957505898,-0.276188481106335,0.485195980159874,0.130629687032301,0.0,0.0,0
17003,5578.1,31.206872385221025,154.1404180782958,47,1.856807693923978,-0.283653034649765,0.503857364178969,-0.074645535434027,0.0,0.0,0
17003,5578.2,31.397405114417328,154.1109330917992,47,1.905327291973423,-0.294849864967449,0.485195980497098,-0.111968303177454,0.0,0.0,0
17003,5578.3,31.594469327964145,154.08126149146403,47,1.970642135460999,-0.296716003350696,0.65314843487338,-0.0186613838324,0.0,0.0,0
17003,5578.4,31.795079204444093,154.0532694156761,47,2.006098764810429,-0.279920757880738,0.35456629349624,0.167952454700497,0.0,0.0,0
17003,5578.5,31.997555219309906,154.02602379524257,47,2.024760148650758,-0.272456204334478,0.186613838402612,0.074645535462328,0.0,0.0,0
17003,5578.6,32.20059107569147,153.998778174809,47,2.03035856380826,-0.272456204334762,0.055984151574809,-2.842e-12,0.0,0.0,0
17003,5578.7,32.40400015975021,153.9724656235684,47,2.03409084059851,-0.263125512407229,0.037322767902709,0.093306919275846,0.0,0.0,0
17003,5578.8,32.60516987774592,153.94652630000493,47,2.011697179949792,-0.259393235633831,-0.22393660648637,0.037322767733839,0.0,0.0,0
17003,5578.9,32.80428684351718,153.9211468179573,47,1.991169657723469,-0.253794820477786,-0.205275222264344,0.055984151560762,0.0,0.0,0
17003,5579.0,33.0039636508042,153.8976334742954,47,1.996768072862932,-0.235133436618182,0.055984151394424,0.186613838595359,0.0,0.0,0
17003,5579.1,33.203453844252635,153.87412013063357,47,1.994901934477075,-0.235133436617329,-0.018661383858506,8.527e-12,0.0,0.0,0
17003,5579.2,33.4025708100239,153.85023355929457,47,1.99116965772354,-0.238865713391359,-0.037322767535547,-0.037322767740498,0.0,0.0,0
17003,5579.3,33.60224761731092,153.8254139187626,47,1.996768072862932,-0.248196405318829,0.055984151393714,-0.093306919274361,0.0,0.0,0
17003,5579.4,33.80061812772784,153.8032068719709,47,1.983705104179972,-0.222070467918133,-0.130629686830317,0.261259374008378,0.0,0.0,0
17003,5579.5,33.99786895511324,153.7847321019509,47,1.972508273846856,-0.184747700199533,-0.111968303330748,0.373227677184646,0.0,0.0,0
17003,5579.6,34.19493316866006,153.7686833118325,47,1.970642135460999,-0.160487901183315,-0.018661383858506,0.242597990161297,0.0,0.0,0
17003,5579.7,34.39013124382101,153.75506050161567,47,1.951980751620177,-0.136228102168904,-0.186613838409232,0.24259799014543,0.0,0.0,0
17003,5579.8,34.58253011140318,153.742743988269,47,1.923988675814704,-0.123165133466166,-0.279920758053712,0.130629687026911,0.0,0.0,0
17003,5579.9,34.77287622676089,153.73154715795388,47,1.903461153587513,-0.111968303151897,-0.205275222273032,0.111968303143296,0.0,0.0,0
17003,5580.0,34.96527509434306,153.72445583208756,47,1.923988675814704,-0.07091325866301,0.205275222271166,0.410550444887383,0.0,0.0,0
17003,5580.1,35.16121962485836,153.7225896937017,47,1.959445305145854,-0.018661383858432,0.354566293310206,0.522518748043872,0.0,0.0,0
17003,5580.2,35.35865706608235,153.72445583208756,47,1.97437441225067,0.018661383858602,0.14929107104898,0.373227677172383,0.0,0.0,0
17003,5580.3,35.55646773498351,153.72800149502075,47,1.978106689004358,0.035456629331789,0.037322767536736,0.167952454731258,0.0,0.0,0
17003,5580.4,35.75465163156184,153.7326668409854,47,1.981838965794168,0.046653459646648,0.037322767898311,0.111968303149196,0.0,0.0,0
17003,5580.5,35.952648914301584,153.7378920284658,47,1.979972827390215,0.052251874804009,-0.018661384039465,0.055984151573408,0.0,0.0,0
17003,5580.6,36.149899741686994,153.742743988269,47,1.972508273846928,0.048519598031868,-0.074645535432606,-0.037322767721277,0.0,0.0,0
17003,5580.7,36.34603088604088,153.7474093342337,47,1.96131144354955,0.046653459646932,-0.111968302974388,-0.01866138384946,0.0,0.0,0
17003,5580.8,36.541042347363245,153.75319436322985,47,1.950114613216567,0.05785028996151,-0.111968303329421,0.111968303145376,0.0,0.0,0
17003,5580.9,36.736240422524205,153.761218758289,47,1.951980751620248,0.080243950592245,0.01866138403692,0.223936606308573,0.0,0.0,0
17003,5581.0,36.93330463607102,153.7722289747656,47,1.970642135460999,0.110102164765235,0.186613838406824,0.298582141728809,0.0,0.0,0
17003,5581.1,37.13092869113359,153.78361241891935,47,1.9762405506185,0.113834441537092,0.055984151574809,0.037322767718434,0.0,0.0,0
17003,5581.2,37.327619677003234,153.79201004165571,47,1.966909858707173,0.083976227364136,-0.093306919113781,-0.298582141731185,0.0,0.0,0
17003,5581.3,37.52356420751854,153.7957423184274,47,1.959445305145925,0.037322767716581,-0.074645535612207,-0.466534596473858,0.0,0.0,0
17003,5581.4,37.718575668840906,153.79443602155737,47,1.950114613234303,-0.013062968700197,-0.09330691911673,-0.50385736417053,0.0,0.0,0
17003,5581.5,37.915453268549136,153.7903305171085,47,1.968775997075141,-0.041055044488722,0.186613838407706,-0.279920757884228,0.0,0.0,0
17003,5581.6,38.11382377896606,153.78622501265957,47,1.983705104162001,-0.041055044489006,0.149291070868053,-2.842e-12,0.0,0.0,0
17003,5581.7,38.31368720009166,153.7830525774036,47,1.998634211266896,-0.031724352559936,0.149291071049764,0.093306919291207,0.0,0.0,0
17003,5581.8,38.51224432434716,153.7789470729547,47,1.985571242547788,-0.041055044488722,-0.130629687190611,-0.093306919287516,0.0,0.0,0
17003,5581.9,38.70930853789398,153.7739084993129,47,1.970642135478993,-0.050385736418254,-0.149291070688759,-0.093306919295833,0.0,0.0,0
17003,5582.0,38.905999523763626,153.77054945021837,47,1.966909858689284,-0.033590490945292,-0.037322767896954,0.167952454729011,0.0,0.0,0
17003,5582.1,39.10269050963327,153.7683100841553,47,1.966909858689284,-0.022393660630574,0.0,0.111968303146777,0.0,0.0,0
17003,5582.2,39.29863504014857,153.7656974904151,47,1.959445305163675,-0.0261259374021,-0.074645535256496,-0.037322767715466,0.0,0.0,0
17003,5582.3,39.495139412179626,153.7615919859662,47,1.965043720303426,-0.041055044489006,0.055984151397311,-0.149291070868519,0.0,0.0,0
17003,5582.4,39.69257685340361,153.7559935708086,47,1.9743744122506,-0.055984151576091,0.093306919472239,-0.149291070871661,0.0,0.0,0
17003,5582.5,39.889454453111846,153.74964870029672,47,1.968775997075213,-0.063448705118727,-0.055984151753666,-0.074645535426093,0.0,0.0,0
17003,5582.6,40.08782496352877,153.74405028513917,47,1.983705104162001,-0.055984151575297,0.149291070867342,0.074645535434027,0.0,0.0,0
17003,5582.7,40.28712854313861,153.7406912360446,47,1.993035796109273,-0.033590490945882,0.093306919473227,0.223936606295378,0.0,0.0,0
17003,5582.8,40.48531243971694,153.7393849391745,47,1.981838965776144,-0.013062968700931,-0.111968303330884,0.20527522244876,0.0,0.0,0
17003,5582.9,40.68144358407083,153.7378920284658,47,1.96131144354955,-0.014929107086995,-0.205275222267062,-0.018661383860745,0.0,0.0,0
17003,5583.0,40.87626843155461,153.73733218695003,47,1.948248474830709,-0.005598415157786,-0.130629687187926,0.09330691929176,0.0,0.0,0
17003,5583.1,41.07072005136123,153.7391983253359,47,1.944516198059137,0.018661383858717,-0.037322767715593,0.24259799016414,0.0,0.0,0
17003,5583.2,41.266664581876526,153.7444235128163,47,1.959445305163675,0.0522518748042,0.1492910710462,0.335904909456664,0.0,0.0,0
17003,5583.3,41.46615477532496,153.753567590907,47,1.994901934477075,0.091440780906802,0.354566293132708,0.391889061024599,0.0,0.0,0
17003,5583.4,41.66881740402936,153.7660707180922,47,2.026626287055084,0.125031271852947,0.317243525781818,0.335904909463284,0.0,0.0,0
17003,5583.5,41.87036034970224,153.7772675484074,47,2.015429456721436,0.111968303151163,-0.111968303336069,-0.130629687017366,0.0,0.0,0
17003,5583.6,42.06873086011915,153.7854785573053,47,1.98370510416193,0.082110088978296,-0.317243525593905,-0.29858214172758,0.0,0.0,0
17003,5583.7,42.26635491518172,153.79182342781715,47,1.976240550636474,0.063448705119304,-0.074645535254968,-0.186613838590941,0.0,0.0,0
17003,5583.8,42.46453881176007,153.7987281398449,47,1.981838965776286,0.069047120276797,0.055984151397915,0.055984151574723,0.0,0.0,0
17003,5583.9,42.66234948066122,153.80507301035675,47,1.978106689022277,0.063448705119304,-0.037322767540288,-0.055984151575232,0.0,0.0,0
17003,5584.0,42.85941369420804,153.8110446531915,47,1.970642135460999,0.059716428347154,-0.074645535612514,-0.037322767721363,0.0,0.0,0
17003,5584.1,43.05591806623909,153.8166430683491,47,1.965043720303356,0.055984151575866,-0.05598415157623,-0.03732276771275,0.0,0.0,0
17003,5584.2,43.25204921059298,153.82354778037677,47,1.961311443549621,0.069047120277141,-0.037322767537552,0.130629687013462,0.0,0.0,0
17003,5584.3,43.44799374110828,153.83213201695173,47,1.959445305145854,0.085842365749301,-0.018661384037598,0.167952454720991,0.0,0.0,0
17003,5584.4,43.64300520243064,153.83959657049516,47,1.950114613234303,0.074645535434693,-0.093306919116019,-0.11196830314669,0.0,0.0,0
17003,5584.5,43.83689698072151,153.84482175797555,47,1.938917782901636,0.052251874803725,-0.11196830332627,-0.223936606308869,0.0,0.0,0
17003,5584.6,44.02929584830367,153.84724773787715,47,1.923988675814562,0.024259799015934,-0.149291070870186,-0.27992075787689,0.0,0.0,0
17003,5584.7,44.22188132972442,153.84874064858585,47,1.925854814218006,0.014929107086995,0.018661384034544,-0.093306919289893,0.0,0.0,0
17003,5584.8,44.414466811145175,153.8513532423261,47,1.925854814200562,0.026125937402431,-1.74445e-10,0.111968303153946,0.0,0.0,0
17003,5584.9,44.606492451050165,153.8563918159679,47,1.920256399060383,0.050385736418254,-0.055984151402094,0.24259799015956,0.0,0.0,0
17003,5585.0,44.797211794085065,153.8619902311255,47,1.907193430342058,0.055984151575866,-0.13062968718277,0.055984151575911,0.0,0.0,0
17003,5585.1,44.98569177105692,153.8670288047673,47,1.884799769711698,0.050385736417796,-0.223936606302793,-0.055984151580494,0.0,0.0,0
17003,5585.2,45.17155915428858,153.8733736752793,47,1.85867383232674,0.063448705119873,-0.261259373851002,0.130629687021479,0.0,0.0,0
17003,5585.3,45.35705330984306,153.8828909810471,47,1.854941555538049,0.095173057678091,-0.037322767886769,0.317243525581027,0.0,0.0,0
17003,5585.4,45.543667148429066,153.8967004051025,47,1.866138385870238,0.138094240554566,0.111968303322492,0.429211828767091,0.0,0.0,0
17003,5585.5,45.7310274423694,153.910883056835,47,1.873602939396553,0.141826517324598,0.074645535262882,0.037322767700191,0.0,0.0,0
17003,5585.6,45.91932080550267,153.9243192532132,47,1.88293363132584,0.134361963781737,0.093306919292533,-0.074645535428342,0.0,0.0,0
17003,5585.7,46.10798739631312,153.93588931120553,47,1.886665908114786,0.115700579923788,0.037322767889655,-0.186613838580504,0.0,0.0,0
17003,5585.8,46.29777367015509,153.9480192107137,47,1.897862738412771,0.121298995080806,0.111968302979447,0.055984151569971,0.0,0.0,0
17003,5585.9,46.48849301318997,153.961828634769,47,1.907193430359191,0.138094240554282,0.093306919464709,0.167952454735673,0.0,0.0,0
17003,5586.0,46.67939897006345,153.9765711280173,47,1.909059568727916,0.147424932482384,0.01866138368718,0.093306919280684,0.0,0.0,0
17003,5586.1,46.8680655608739,153.99056716591124,47,1.886665908097626,0.139960378938954,-0.22393660630208,-0.074645535434027,0.0,0.0,0
17003,5586.2,47.0546793994599,154.00363013461228,47,1.866138385870167,0.130629687011068,-0.205275222275717,-0.09330691927937,0.0,0.0,0
17003,5586.3,47.23961371349862,154.01706633099047,47,1.849343140380477,0.134361963781453,-0.167952454896285,0.037322767703712,0.0,0.0,0
17003,5586.4,47.42342834450584,154.0308757550458,47,1.838146310082192,0.138094240553997,-0.111968302983459,0.037322767725649,0.0,0.0,0
17003,5586.5,47.607242975513046,154.04393872374683,47,1.838146310065404,0.13062968700988,-1.67888e-10,-0.074645535440902,0.0,0.0,0
17003,5586.6,47.79068437884309,154.05550878173915,47,1.83441403329376,0.115700579922736,-0.037322767716303,-0.149291070870896,0.0,0.0,0
17003,5586.7,47.97337932681878,154.06502608750705,47,1.826949479766875,0.095173057679525,-0.074645535269256,-0.205275222433232,0.0,0.0,0
17003,5586.8,48.15514120560154,154.07193079953475,47,1.817618787820972,0.069047120276797,-0.093306919458694,-0.261259374026328,0.0,0.0,0
17003,5586.9,48.33727631206149,154.07827567004668,47,1.821351064609394,0.063448705119588,0.037322767884426,-0.05598415157239,0.0,0.0,0
17003,5587.0,48.52034448771435,154.0859268374287,47,1.830681756521973,0.076511673819943,0.09330691912546,0.130629687003066,0.0,0.0,0
17003,5587.1,48.70285282185146,154.094324460165,47,1.825083341364472,0.083976227362804,-0.055984151574809,0.074645535428342,0.0,0.0,0
17003,5587.2,48.88424147295704,154.101975627547,47,1.813886511065683,0.076511673820638,-0.111968302988508,-0.074645535422062,0.0,0.0,0
17003,5587.3,49.06320414416102,154.1077606565433,47,1.789626712033323,0.057850289962363,-0.242597990322716,-0.186613838582078,0.0,0.0,0
17003,5587.4,49.24030067697913,154.1139189132166,47,1.770965328190784,0.061582566733359,-0.186613838426407,0.037322767710164,0.0,0.0,0
17003,5587.5,49.41721059595866,154.1221299221144,47,1.76909918978882,0.082110088977444,-0.018661384019575,0.205275222440104,0.0,0.0,0
17003,5587.6,49.59430712877678,154.13332675242953,47,1.770965328174748,0.111968303151163,0.018661383859218,0.298582141736107,0.0,0.0,0
17003,5587.7,49.77028397856337,154.1450834242605,47,1.759768497875538,0.117566718310302,-0.11196830299272,0.055984151591696,0.0,0.0,0
17003,5587.8,49.94028918551522,154.1546007300283,47,1.700052069512307,0.095173057677807,-0.597164283630133,-0.223936606324142,0.0,0.0,0
17003,5587.9,50.105069204986656,154.1629983527647,47,1.647800194723356,0.08397622736442,-0.522518747892362,-0.111968303134473,0.0,0.0,0
17003,5588.0,50.2644374231391,154.1715825893397,47,1.593682181518645,0.085842365749585,-0.541180132045139,0.01866138385158,0.0,0.0,0
17003,5588.1,50.418767067649725,154.18109989510756,47,1.543296445100636,0.095173057678375,-0.503857364178258,0.09330691928756,0.0,0.0,0
17003,5588.2,50.56768491084135,154.1911770423912,47,1.489178431924385,0.100771472836793,-0.541180131765466,0.055984151584484,0.0,0.0,0
17003,5588.3,50.7110043388754,154.201627417352,47,1.433194280335259,0.104503749607733,-0.559841515889218,0.037322767709269,0.0,0.0,0
17003,5588.4,50.849285193267626,154.21245101998997,47,1.382808543929826,0.108236026380291,-0.503857364057077,0.037322767725776,0.0,0.0,0
17003,5588.5,50.98252747401803,154.22402107798231,47,1.33242280749917,0.11570057992302,-0.503857364304735,0.074645535427025,0.0,0.0,0
17003,5588.6,51.11147763648096,154.2367108190062,47,1.289501624624661,0.126897410238307,-0.429211828743523,0.111968303152461,0.0,0.0,0
17003,5588.7,51.236508908333576,154.2486541046757,47,1.250312718532955,0.119432856695679,-0.3918890609192,-0.074645535426685,0.0,0.0,0
17003,5588.8,51.35668822038296,154.25835802428216,47,1.201793120489503,0.097039196064304,-0.485195980432758,-0.223936606312942,0.0,0.0,0
17003,5588.9,51.47089588959759,154.2643296671169,47,1.142076692152522,0.059716428347698,-0.597164283373063,-0.373227677168097,0.0,0.0,0
17003,5589.0,51.57913191597747,154.2680619438886,47,1.082360263794839,0.037322767716865,-0.597164283574664,-0.223936606307511,0.0,0.0,0
17003,5589.1,51.68176952719977,154.2721674483375,47,1.026376112219257,0.041055044489006,-0.55984151575378,0.037322767721277,0.0,0.0,0
17003,5589.2,51.77936856478025,154.2779524773337,47,0.975990375810124,0.057850289962036,-0.503857364094076,0.167952454731218,0.0,0.0,0
17003,5589.3,51.87080934568738,154.28448396168417,47,0.914407809067952,0.065314843504656,-0.615825667419486,0.074645535425923,0.0,0.0,0
17003,5589.4,51.9559052560826,154.2904556045189,47,0.850959103956893,0.059716428347698,-0.634487051114052,-0.055984151569887,0.0,0.0,0
17005,5577.6,41.014362672108255,174.6356561286804,46,1.132746000212919,-0.111968303151163,0.597164283470794,-0.018661383856375,0.0,0.0,0
17005,5577.7,41.133608914964704,174.6244592983653,46,1.19246242857099,-0.111968303151613,0.597164283583968,-4.499e-12,0.0,0.0,0
17005,5577.8,41.25920002833308,174.6132624680501,46,1.255911133679227,-0.111968303151732,0.634487051080062,-1.185e-12,0.0,0.0,0
17005,5577.9,41.39038955685904,174.6020656377349,46,1.31189528526674,-0.111968303152466,0.559841515878187,-7.341e-12,0.0,0.0,0
17005,5578.0,41.52643104518824,174.5908688074198,46,1.360414883287031,-0.111968303150595,0.485195980201148,1.871e-11,0.0,0.0,0
17005,5578.1,41.666578037966325,174.5796719771046,46,1.401469927775753,-0.111968303151732,0.410550444885725,-1.1369e-11,0.0,0.0,0
17005,5578.2,41.81176360438624,174.56828853295087,46,1.451855664207109,-0.113834441537843,0.50385736431631,-0.018661383861214,0.0,0.0,0
17005,5578.3,41.96236097212513,174.55709170263572,46,1.505973677383416,-0.111968303151163,0.541180131761095,0.018661383866728,0.0,0.0,0
17005,5578.4,42.1187433688602,174.54608148615912,46,1.56382396735922,-0.11010216476652,0.578502899761199,0.018661383846531,0.0,0.0,0
17005,5578.5,42.28128402226861,174.53544449735975,46,1.625406534078151,-0.106369887993378,0.615825667187069,0.03732276773129,0.0,0.0,0
17005,5578.6,42.45016954618894,174.5249941223989,46,1.688855239197162,-0.104503749608018,0.634487051187808,0.018661383853533,0.0,0.0,0
17005,5578.7,42.62595978213695,174.5147303612767,46,1.757902359489734,-0.102637611222738,0.690471202929486,0.018661383852894,0.0,0.0,0
17005,5578.8,42.80809488859688,174.50446660015447,46,1.821351064592616,-0.102637611221805,0.634487051026505,9.335e-12,0.0,0.0,0
17005,5578.9,42.99638825173016,174.493829611355,46,1.882933631343108,-0.106369887994914,0.615825667508284,-0.03732276773129,0.0,0.0,0
17005,5579.0,43.189720188505255,174.48244616720132,46,1.933319367743921,-0.113834441536808,0.503857364006296,-0.074645535418668,0.0,0.0,0
17005,5579.1,43.38715762972924,174.46956981233888,46,1.974374412232643,-0.128763548623951,0.410550444885727,-0.149291070870896,0.0,0.0,0
17005,5579.2,43.590193486110806,174.4557603882835,46,2.030358563826761,-0.138094240554566,0.559841515944241,-0.093306919306652,0.0,0.0,0
17005,5579.3,43.796961619264096,174.4440037164526,46,2.067681331525374,-0.11756671830838,0.373227676984765,0.205275222461107,0.0,0.0,0
17005,5579.4,44.00783525686628,174.43392656916893,46,2.108736376033345,-0.100771472837361,0.410550445081956,0.167952454711107,0.0,0.0,0
17005,5579.5,44.22113487437007,174.42440926340095,46,2.132996175030171,-0.095173057678659,0.242597989967376,0.055984151586817,0.0,0.0,0
17005,5579.6,44.43499433338963,174.41489195763316,46,2.138594590187815,-0.095173057678375,0.055984151576234,2.842e-12,0.0,0.0,0
17005,5579.7,44.64848056473202,174.4048148103495,46,2.134862313435516,-0.100771472837077,-0.037322767523191,-0.055984151587326,0.0,0.0,0
17005,5579.8,44.86010065768854,174.3934313661958,46,2.116200929557525,-0.113834441536523,-0.186613838779231,-0.130629686993987,0.0,0.0,0
17005,5579.9,45.06966799842062,174.38092823901053,46,2.095673407332224,-0.125031271853516,-0.205275222254128,-0.111968303170535,0.0,0.0,0
17005,5580.0,45.277742428444014,174.36805188414812,46,2.080744300226376,-0.128763548623667,-0.149291071057943,-0.037322767701379,0.0,0.0,0
17005,5580.1,45.48469717543588,174.3546156877699,46,2.06954746991116,-0.134361963781737,-0.111968303151754,-0.055984151580494,0.0,0.0,0
17005,5580.2,45.69053223939624,174.3413661052303,46,2.058350639614807,-0.132495825396729,-0.111968302964141,0.018661383850179,0.0,0.0,0
17005,5580.3,45.89618068951801,174.32848975036785,46,2.056484501210229,-0.128763548623951,-0.018661384045714,0.037322767727643,0.0,0.0,0
17005,5580.4,46.10182913963978,174.3161732370212,46,2.056484501228932,-0.123165133467286,1.87037e-10,0.055984151566959,0.0,0.0,0
17005,5580.5,46.30803743127731,174.3047897928674,46,2.062082916367801,-0.113834441537376,0.055984151388482,0.093306919298762,0.0,0.0,0
17005,5580.6,46.51405910907626,174.29377957639088,46,2.060216777981944,-0.11010216476495,-0.018661383858504,0.037322767724119,0.0,0.0,0
17005,5580.7,46.71970755919804,174.2825827460757,46,2.056484501229074,-0.111968303152466,-0.037322767528897,-0.018661383875255,0.0,0.0,0
17005,5580.8,46.925356009319806,174.27119930192197,46,2.056484501210158,-0.113834441536808,-1.89169e-10,-0.018661383843349,0.0,0.0,0
17005,5580.9,47.1319375286345,174.2596292439297,46,2.065815193158234,-0.115700579923788,0.093306919481269,-0.01866138386991,0.0,0.0,0
17005,5581.0,47.33889227562638,174.24712611674437,46,2.069547469911231,-0.125031271852379,0.037322767529837,-0.093306919285563,0.0,0.0,0
17005,5581.1,47.54547379494108,174.23387653420477,46,2.065815193139516,-0.132495825395524,-0.037322767717011,-0.074645535431185,0.0,0.0,0
17005,5581.2,47.751495472740025,174.21950726863363,46,2.060216778000681,-0.143692655712118,-0.055984151388654,-0.111968303166548,0.0,0.0,0
17005,5581.3,47.956024239830285,174.2043915477082,46,2.045287670895155,-0.151157209253672,-0.149291071054719,-0.074645535415274,0.0,0.0,0
17005,5581.4,48.15980655156619,174.18815614375117,46,2.037823117370188,-0.162354039571288,-0.074645535250076,-0.111968303176772,0.0,0.0,0
17005,5581.5,48.36340224946352,174.1711742844398,46,2.035956978965868,-0.169818593112673,-0.018661384043138,-0.074645535413576,0.0,0.0,0
17005,5581.6,48.56737117503801,174.15363258361276,46,2.039689255737512,-0.175417008270175,0.037322767716305,-0.055984151574809,0.0,0.0,0
17005,5581.7,48.77078025909676,174.1353444274313,46,2.034090840598581,-0.182881561815552,-0.055984151389609,-0.074645535454181,0.0,0.0,0
17005,5581.8,48.97344288780116,174.11649642973416,46,2.026626287036652,-0.188479976970822,-0.074645535619026,-0.055984151552492,0.0,0.0,0
17005,5581.9,49.175359061151205,174.097648432037,46,2.019161733511444,-0.188479976972536,-0.074645535252488,-1.7142e-11,0.0,0.0,0
17005,5582.0,49.37652877914692,174.0788004343398,46,2.011697179949863,-0.18847997697139,-0.074645535615536,1.1458e-11,0.0,0.0,0
17005,5582.1,49.57639220027252,174.0592059812882,46,1.998634211248718,-0.195944530515388,-0.130629687010968,-0.074645535439711,0.0,0.0,0
17005,5582.2,49.77364302765792,174.0381186175281,46,1.972508273864725,-0.210873637602176,-0.261259373841361,-0.149291070868695,0.0,0.0,0
17005,5582.3,49.967908033625946,174.0160981845749,46,1.942650059673208,-0.220204329531038,-0.298582141914083,-0.093306919288276,0.0,0.0,0
17005,5582.4,50.1617998119168,173.99463759313753,46,1.938917782919128,-0.21460591437492,-0.03732276754101,0.055984151561485,0.0,0.0,0
17005,5582.5,50.35699788707776,173.9746699124088,46,1.951980751602496,-0.199676807286393,0.130629686833203,0.14929107088473,0.0,0.0,0
17005,5582.6,50.55350225910881,173.95656837006595,46,1.965043720303356,-0.18101542342796,0.130629687008126,0.186613838583646,0.0,0.0,0
17005,5582.7,50.74926017578553,173.9392132830774,46,1.957579166777872,-0.173550869886109,-0.074645535255245,0.074645535418921,0.0,0.0,0
17005,5582.8,50.94203227104487,173.92092512689604,46,1.92772095258642,-0.18288156181332,-0.298582141913437,-0.093306919271775,0.0,0.0,0
17005,5582.9,51.13032563417814,173.90114406000592,46,1.882933631342966,-0.197810668902263,-0.447873212436982,-0.149291070890244,0.0,0.0,0
17005,5583.0,51.3161930174098,173.8802433100842,46,1.858673832309836,-0.209007499216035,-0.242597990330419,-0.111968303137313,0.0,0.0,0
17005,5583.1,51.50168717296428,173.8597157878398,46,1.854941555538049,-0.20527522244361,-0.037322767717722,0.037322767724119,0.0,0.0,0
17005,5583.2,51.68755455619594,173.8401213347883,46,1.85867383232674,-0.195944530516034,0.037322767887108,0.093306919276272,0.0,0.0,0
17005,5583.3,51.87454162245911,173.8223930201226,46,1.869870662624909,-0.177283146656387,0.111968302981284,0.186613838595782,0.0,0.0,0
17005,5583.4,52.0626483717538,173.8063442300042,46,1.881067492957162,-0.160487901184775,0.11196830332314,0.167952454717044,0.0,0.0,0
17005,5583.5,52.25131496256424,173.7921615782717,46,1.886665908097484,-0.141826517324598,0.055984151403017,0.186613838601084,0.0,0.0,0
17005,5583.6,52.439981553374686,173.7792852234093,46,1.886665908097626,-0.128763548623667,1.421e-12,0.130629687008836,0.0,0.0,0
17006,5577.8,46.810775112428,150.4100074449617,47,-1.231651334663151,0.033590490945576,-0.485195980212148,0.130629687006969,0.0,0.0,0
17006,5577.9,46.68201156380366,150.4141129494105,47,-1.287635486250372,0.041055044488527,-0.55984151587527,0.074645535429913,0.0,0.0,0
17006,5578.0,46.54522362012012,150.41635231547357,47,-1.367879436830461,0.022393660630574,-0.802439505797968,-0.186613838578853,0.0,0.0,0
17006,5578.1,46.40227741976325,150.41803184002083,47,-1.429462003563473,0.016795245472504,-0.615825667327878,-0.055984151580494,0.0,0.0,0
17006,5578.2,46.253546190410205,150.4204578199225,47,-1.487312293538581,0.024259799016723,-0.578502899754238,0.074645535442596,0.0,0.0,0
17006,5578.3,46.09921654589959,150.4240034828556,47,-1.543296445100565,0.035456629330936,-0.5598415156178,0.111968303141728,0.0,0.0,0
17006,5578.4,45.93947510006996,150.42848221498167,47,-1.597414458304959,0.044787321260986,-0.541180132046899,0.093306919301008,0.0,0.0,0
17006,5578.5,45.77320216988985,150.4318412640762,47,-1.662729301795158,0.033590490945292,-0.653148434899608,-0.111968303156534,0.0,0.0,0
17006,5578.6,45.60021114152062,150.4338940163006,47,-1.729910283685955,0.020527522244077,-0.67180981890553,-0.130629687011678,0.0,0.0,0
17006,5578.7,45.421994925670994,150.4361333823637,47,-1.78216215850596,0.022393660630777,-0.522518748202894,0.018661383867108,0.0,0.0,0
17006,5578.8,45.23836690850237,150.4389325899425,47,-1.836280171679546,0.027992075788075,-0.541180131733897,0.055984151572773,0.0,0.0,0
17006,5578.9,45.04783417930606,150.44061211448977,47,-1.90532729197353,0.016795245472657,-0.690471202943605,-0.111968303154794,0.0,0.0,0
17006,5579.0,44.8500235104049,150.44079872832836,47,-1.978106689004358,0.001866138385928,-0.727793970305632,-0.149291070866739,0.0,0.0,0
17006,5579.1,44.6460545848304,150.4411719560055,47,-2.039689255737583,0.003732276771288,-0.61582566733001,0.018661383853533,0.0,0.0,0
17006,5579.2,44.43611401642114,150.44341132206856,47,-2.099405684104044,0.022393660630777,-0.597164283667872,0.186613838595906,0.0,0.0,0
17006,5579.3,44.219828577499975,150.4463971434859,47,-2.16285438920382,0.029858214173435,-0.634487050995448,0.074645535426306,0.0,0.0,0
17006,5579.4,43.9968250403897,150.44844989571035,47,-2.230035371114899,0.020527522244548,-0.671809819114462,-0.093306919289383,0.0,0.0,0
17006,5579.5,43.77083568186206,150.4469569850017,47,-2.259893585268194,-0.014929107086575,-0.298582141531864,-0.354566293309941,0.0,0.0,0
17006,5579.6,43.54335341262573,150.4482632818718,47,-2.274822692355054,0.013062968700931,-0.149291070868055,0.279920757874048,0.0,0.0,0
17006,5579.7,43.31531130187363,150.45236878632068,47,-2.280421107533438,0.041055044489095,-0.055984151784142,0.27992075788317,0.0,0.0,0
17006,5579.8,43.08446998354275,150.4549813800609,47,-2.308413183300346,0.026125937402146,-0.279920757668063,-0.149291070868945,0.0,0.0,0
17006,5579.9,42.85213575450318,150.4551679938994,47,-2.323342290408408,0.001866138385093,-0.14929107108143,-0.242597990171861,0.0,0.0,0
17006,5580.0,42.619241683947855,150.4546081523837,47,-2.328940705544778,-0.005598415156933,-0.055984151363502,-0.074645535419986,0.0,0.0,0
17006,5580.1,42.387840524101215,150.45423492470653,47,-2.31401159845799,-0.003732276771857,0.14929107086734,0.018661383850691,0.0,0.0,0
17006,5580.2,42.15923857183336,150.4551679938994,47,-2.28601952269099,0.009330691928875,0.279920757671523,0.130629687008031,0.0,0.0,0
17006,5580.3,41.93268937178996,150.45535460773803,47,-2.265492000425767,0.001866138386213,0.205275222651488,-0.074645535426349,0.0,0.0,0
17006,5580.4,41.70800631013241,150.4557278354153,47,-2.246830616587769,0.003732276772175,0.186613838380995,0.018661383859726,0.0,0.0,0
17006,5580.5,41.487242139085176,150.45946011218695,47,-2.207641710464328,0.037322767717149,0.391889061232988,0.335904909448518,0.0,0.0,0
17006,5580.6,41.27002363097108,150.46580498269887,47,-2.172185081133036,0.063448705118727,0.354566293311629,0.26125937401483,0.0,0.0,0
17006,5580.7,41.0537381920499,150.47065694250207,47,-2.162854389223633,0.048519598032309,0.093306919094539,-0.149291070864998,0.0,0.0,0
17006,5580.8,40.83707952545156,150.47364276391949,47,-2.166586665975534,0.029858214174004,-0.037322767518881,-0.186613838582374,0.0,0.0,0
17006,5580.9,40.61967440349886,150.4738293777581,47,-2.174051219538808,0.001866138385945,-0.074645535633148,-0.279920757882108,0.0,0.0,0
17006,5581.0,40.402269281546175,150.4738293777581,47,-2.174051219518964,-0.0,1.98441e-10,-0.018661383859387,0.0,0.0,0
17006,5581.1,40.18617045646359,150.4758821299825,47,-2.160988250817962,0.020527522244077,0.130629687009547,0.205275222440021,0.0,0.0,0
17006,5581.2,39.97063147289676,150.47886795139988,47,-2.155389835680064,0.029858214173991,0.055984151379288,0.09330691929965,0.0,0.0,0
17006,5581.3,39.75341296478265,150.48017424826995,47,-2.172185081133249,0.013062968700647,-0.167952454531239,-0.167952454732828,0.0,0.0,0
17006,5581.4,39.53563461515279,150.4814805451401,47,-2.177783496310486,0.013062968701618,-0.05598415177268,9.715e-12,0.0,0.0,0
17006,5581.5,39.32065547310172,150.4863325049433,47,-2.149791420502817,0.048519598031868,0.27992075807567,0.354566293301202,0.0,0.0,0
17006,5581.6,39.10548971721206,150.4923041477781,47,-2.151657558888817,0.059716428347723,-0.018661383859929,0.111968303158146,0.0,0.0,0
17006,5581.7,38.88845782293655,150.49771594909708,47,-2.170318942766917,0.054118013190145,-0.186613838782021,-0.055984151576081,0.0,0.0,0
17006,5581.8,38.669559790275166,150.50238129506172,47,-2.188980326605895,0.046653459646223,-0.186613838389099,-0.074645535438949,0.0,0.0,0
17006,5581.9,38.45066175761379,150.50797971021927,47,-2.188980326625733,0.055984151575806,-1.98375e-10,0.093306919296342,0.0,0.0,0
17006,5582.0,38.23307002182251,150.51712378831004,47,-2.175917357904822,0.091440780907371,0.130629687208632,0.354566293314351,0.0,0.0,0
17006,5582.1,38.01715781057851,150.52850723246377,47,-2.159122112432176,0.113834441536808,0.167952454725852,0.223936606293554,0.0,0.0,0
17006,5582.2,37.80124559933451,150.5406371319718,47,-2.159122112451813,0.121298995081056,-1.96372e-10,0.074645535442896,0.0,0.0,0
17006,5582.3,37.5853333880905,150.5538867145114,47,-2.159122112432247,0.132495825395808,1.95661e-10,0.111968303147114,0.0,0.0,0
17006,5582.4,37.37166054290953,150.56993550462985,47,-2.13672845182132,0.160487901185059,0.223936606110492,0.279920757894032,0.0,0.0,0
17006,5582.5,37.15966722227584,150.5874772054569,47,-2.119933206329169,0.17541700826989,0.167952454920892,0.149291070847773,0.0,0.0,0
17006,5582.6,36.9456211494177,150.6012866295123,47,-2.140460728573672,0.13809424055331,-0.20527522244428,-0.373227677164449,0.0,0.0,0
17006,5582.7,36.731388462720965,150.6122968459889,47,-2.142326866979014,0.11010216476652,-0.018661384053522,-0.279920757869422,0.0,0.0,0
17006,5582.8,36.51808884521717,150.62256060711113,47,-2.132996175030171,0.102637611222089,0.09330691948809,-0.07464553544404,0.0,0.0,0
17006,5582.9,36.30740182145357,150.63506373429635,47,-2.106870237647542,0.125031271852947,0.261259373827718,0.223936606309804,0.0,0.0,0
17006,5583.0,36.09895416375301,150.64924638602892,47,-2.08447657699802,0.141826517325167,0.223936606494408,0.167952454721584,0.0,0.0,0
17006,5583.1,35.889946664536694,150.66156289937555,47,-2.090074992155521,0.123165133465882,-0.055984151574809,-0.186613838592172,0.0,0.0,0
17006,5583.2,35.679819482288856,150.672199888175,47,-2.101271822489848,0.106369887994914,-0.111968303343877,-0.167952454710598,0.0,0.0,0
17006,5583.3,35.47193166610405,150.685262856876,47,-2.078878161840518,0.130629687009596,0.223936606492477,0.242597990145939,0.0,0.0,0
17006,5583.4,35.26665644365945,150.7007518054786,47,-2.052752224457183,0.154889486027222,0.261259373834775,0.242597990177591,0.0,0.0,0
17006,5583.5,35.06156783505344,150.7140013880182,47,-2.050886086052656,0.132495825395524,0.018661384045203,-0.223936606316167,0.0,0.0,0
17006,5583.6,34.85573277109308,150.7242651491405,47,-2.058350639596086,0.102637611222089,-0.074645535434027,-0.298582141733265,0.0,0.0,0
17006,5583.7,34.65008432097131,150.73340922723133,47,-2.056484501228932,0.091440780908202,0.018661383671641,-0.111968303139479,0.0,0.0,0
17006,5583.8,34.44648862307398,150.7423666914833,47,-2.035956978965868,0.089574642520305,0.205275222629901,-0.018661383878902,0.0,0.0,0
17006,5583.9,34.245692132755444,150.7520706110898,47,-2.00796490319634,0.09703919606547,0.27992075769681,0.074645535452058,0.0,0.0,0
17006,5584.0,34.04676178082277,150.76046823382617,47,-1.989303519319502,0.083976227363372,0.186613838767691,-0.130629687020504,0.0,0.0,0
17006,5584.1,33.848577884244435,150.76811940120817,47,-1.981838965776144,0.076511673819658,0.074645535433315,-0.074645535436869,0.0,0.0,0
17006,5584.2,33.65207351221338,150.77763670697607,47,-1.965043720321298,0.095173057679525,0.167952454549369,0.186613838599683,0.0,0.0,0
17006,5584.3,33.45892818927687,150.78846030961407,47,-1.931453229358064,0.10823602637959,0.33590490963113,0.13062968700018,0.0,0.0,0
17006,5584.4,33.26858207391915,150.80077682296073,47,-1.903461153587584,0.123165133467286,0.279920757706318,0.149291070877771,0.0,0.0,0
17006,5584.5,33.07935564159295,150.81085397024435,47,-1.892264323255128,0.100771472835876,0.111968303324158,-0.223936606313282,0.0,0.0,0
17006,5584.6,32.88975598158957,150.8173854545949,47,-1.895996600026843,0.065314843505224,-0.037322767717014,-0.354566293305232,0.0,0.0,0
17006,5584.7,32.70034293542478,150.8222374143981,47,-1.894130461658283,0.048519598032309,0.018661383685696,-0.16795245473007,0.0,0.0,0
17006,5584.8,32.51335586916161,150.82764921571712,47,-1.869870662624909,0.054118013189937,0.242597990332857,0.055984151576081,0.0,0.0,0
17006,5584.9,32.329168010477225,150.8326877893589,47,-1.84187858685387,0.050385736418254,0.279920757711918,-0.037322767717034,0.0,0.0,0
17006,5585.0,32.14665967634012,150.8364200661306,47,-1.825083341364401,0.037322767716865,0.167952454894078,-0.130629687013419,0.0,0.0,0
17006,5585.1,31.96527102523453,150.8375397491622,47,-1.813886511049328,0.011196830315855,0.11196830315033,-0.261259374009146,0.0,0.0,0
17006,5585.2,31.78668158170772,150.83809959067793,47,-1.785894435277815,0.005598415157268,0.279920757716654,-0.055984151586178,0.0,0.0,0
17006,5585.3,31.611264573436884,150.8375397491622,47,-1.754170082701996,-0.005598415157217,0.317243525757039,-0.111968303144444,0.0,0.0,0
17006,5585.4,31.43808693122908,150.83548699693773,47,-1.731776422087492,-0.020527522244832,0.223936606146258,-0.149291070876962,0.0,0.0,0
17006,5585.5,31.26696204124572,150.8306350371345,47,-1.711248899827381,-0.048519598032152,0.205275222600367,-0.279920757872181,0.0,0.0,0
17006,5585.6,31.09583715126235,150.8233570974297,47,-1.711248899827452,-0.072779397047801,-7.11e-13,-0.242597990155613,0.0,0.0,0
17006,5585.7,30.92377919208606,150.8129067224689,47,-1.720579591772317,-0.104503749608968,-0.093306919449157,-0.317243525613398,0.0,0.0,0
17006,5585.8,30.75004170836249,150.797977615382,47,-1.73737483722935,-0.149291070868312,-0.167952454569719,-0.447873212591814,0.0,0.0,0
17006,5585.9,30.57443808625307,150.7796894592005,47,-1.756036221103788,-0.182881561815552,-0.186613838745408,-0.33590490947423,0.0,0.0,0
17006,5586.0,30.39715493959637,150.76102807534193,47,-1.77283146656057,-0.186613838585177,-0.167952454567206,-0.037322767696117,0.0,0.0,0
17006,5586.1,30.221924545164114,150.7449792852235,47,-1.752303944316174,-0.160487901183599,0.205275222443219,0.26125937401483,0.0,0.0,0
17006,5586.2,30.047440606086205,150.7291171089437,47,-1.744839390788613,-0.158621762798829,0.074645535276013,0.018661383847803,0.0,0.0,0
17006,5586.3,29.87295666700829,150.71250847730957,47,-1.744839390772815,-0.166086316340816,1.5798e-10,-0.0746455354196,0.0,0.0,0
17006,5586.4,29.69809950025321,150.69571323183683,47,-1.748571667560326,-0.167952454728272,-0.037322767875318,-0.018661383874662,0.0,0.0,0
17006,5586.5,29.523428947336715,150.67966444171844,47,-1.746705529158601,-0.160487901183315,0.018661384017183,0.074645535449302,0.0,0.0,0
17006,5586.6,29.351184374321843,150.665855017663,47,-1.72244573014249,-0.138094240553594,0.242597990160233,0.223936606296396,0.0,0.0,0
17006,5586.7,29.18005948433848,150.6509259105762,47,-1.711248899842944,-0.149291070869102,0.111968302996064,-0.111968303155689,0.0,0.0,0
17006,5586.8,29.00856136667794,150.6341306651034,47,-1.714981176599131,-0.167952454727313,-0.037322767561731,-0.186613838581436,0.0,0.0,0
17006,5586.9,28.837249862855995,150.6152826674062,47,-1.713115038228819,-0.188479976973104,0.018661383703224,-0.20527522245903,0.0,0.0,0
17007,5579.1,35.18137391942565,152.96027216307797,47,1.015179281904183,-0.12503127185181,0.373227677169422,-0.0,0.0,0.0,0
17007,5579.2,35.28587766903381,152.94683596669972,47,1.045037496087265,-0.134361963783243,0.298582141832448,-0.093306919314839,0.0,0.0,0
17007,5579.3,35.39392708157511,152.9319068596129,47,1.080494125409052,-0.149291070867744,0.354566293216581,-0.149291070844464,0.0,0.0,0
17007,5579.4,35.50608199856529,152.9167911386874,47,1.121549169907974,-0.1511572092559,0.410550444991464,-0.018661383881661,0.0,0.0,0
17007,5579.5,35.623462103035884,152.902981714632,47,1.173801044701641,-0.13809424055331,0.522518747934761,0.130629687025426,0.0,0.0,0
17007,5579.6,35.746254008825474,152.8914116566397,47,1.227919057891436,-0.115700579922736,0.541180131895985,0.223936606304922,0.0,0.0,0
17007,5579.7,35.8752041712884,152.8818943508718,47,1.289501624636318,-0.095173057679525,0.61582566745218,0.205275222433232,0.0,0.0,0
17007,5579.8,36.01143227345618,152.8744297973284,47,1.362281021672818,-0.07464553543373,0.727793970362348,0.205275222457203,0.0,0.0,0
17007,5579.9,36.15456508765164,152.86920460984797,47,1.431328141962419,-0.052251874804484,0.690471202899785,0.22393660629368,0.0,0.0,0
17007,5580.0,36.30366954468186,152.86416603620611,47,1.491044570296769,-0.050385736418364,0.597164283341326,0.018661383861127,0.0,0.0,0
17007,5580.1,36.457066119999546,152.85800777953276,47,1.533965753171278,-0.061582566733367,0.429211828743523,-0.111968303149619,0.0,0.0,0
17007,5580.2,36.61475481360471,152.8516629090209,47,1.57688693606027,-0.06344870511902,0.429211828892264,-0.018661383856631,0.0,0.0,0
17007,5580.3,36.77636239782019,152.8441983554774,47,1.616075842148934,-0.074645535434582,0.391889060885222,-0.111968303155217,0.0,0.0,0
17007,5580.4,36.94375501103183,152.8371070296112,47,1.673926132125527,-0.070913258662518,0.578502899769079,0.037322767720851,0.0,0.0,0
17007,5580.5,37.11823895010974,152.83188184213077,47,1.744839390772744,-0.052251874804009,0.709132586469592,0.186613838584411,0.0,0.0,0
17007,5580.6,37.29925437353816,152.82796295152053,47,1.810154234277613,-0.039188906102225,0.653148435046311,0.130629687017363,0.0,0.0,0
17007,5580.7,37.485494984446994,152.82423067474875,47,1.862406109098489,-0.037322767718057,0.522518748211614,0.018661383841782,0.0,0.0,0
17007,5580.8,37.67341511990309,152.8208716256542,47,1.879201354554125,-0.033590490945292,0.167952454555755,0.037322767727513,0.0,0.0,0
17007,5580.9,37.86338800758365,152.8167661212053,47,1.899728876815978,-0.04105504448938,0.205275222619642,-0.074645535441282,0.0,0.0,0
17007,5581.0,38.05522703365005,152.81210077524065,47,1.91839026065699,-0.046653459646223,0.186613838409444,-0.055984151568233,0.0,0.0,0
17007,5581.1,38.24874558426373,152.8087417261461,47,1.935185506129778,-0.033590490945292,0.167952454727271,0.130629687008836,0.0,0.0,0
17007,5581.2,38.442450748716,152.8046362216973,47,1.937051644533253,-0.041055044488811,0.01866138403485,-0.074645535435597,0.0,0.0,0
17007,5581.3,38.63596929932968,152.8003441034097,47,1.935185506129778,-0.042921182875219,-0.01866138403468,-0.01866138386401,0.0,0.0,0
17007,5581.4,38.82986107762054,152.79866457886243,47,1.938917782919198,-0.016795245472941,0.037322767894407,0.261259374024205,0.0,0.0,0
17007,5581.5,39.02468592510433,152.80015748957115,47,1.948248474830709,0.014929107087144,0.093306919114769,0.317243525599694,0.0,0.0,0
17007,5581.6,39.21839108955659,152.8037031525042,47,1.937051644515636,0.035456629330652,-0.11196830315033,0.205275222434336,0.0,0.0,0
17007,5581.7,39.409483660268656,152.8087417261461,47,1.910925707131082,0.050385736419107,-0.261259373846961,0.149291070885362,0.0,0.0,0
17007,5581.8,39.5981502510791,152.8152732104966,47,1.886665908097556,0.065314843504656,-0.242597990334384,0.149291070854944,0.0,0.0,0
17007,5581.9,39.78513731734227,152.82292437787865,47,1.869870662641916,0.076511673820923,-0.167952454557314,0.11196830316328,0.0,0.0,0
17007,5582.0,39.97156454208969,152.8320684559693,47,1.864272247467408,0.091440780906234,-0.055984151744873,0.149291070852568,0.0,0.0,0
17007,5582.1,40.15855160835286,152.84270544476877,47,1.869870662624909,0.10636988799423,0.055984151574809,0.149291070879422,0.0,0.0,0
17007,5582.2,40.34385915006875,152.8539022750839,47,1.853075417169046,0.111968303151897,-0.167952454559552,0.055984151576976,0.0,0.0,0
17007,5582.3,40.52767378107596,152.86416603620611,47,1.838146310065404,0.102637611221805,-0.149291071035878,-0.093306919300585,0.0,0.0,0
17007,5582.4,40.71018211521307,152.8731235004583,47,1.825083341381072,0.089574642522257,-0.130629686844035,-0.130629686996193,0.0,0.0,0
17007,5582.5,40.89287706318876,152.8826408062261,47,1.826949479750259,0.095173057677807,0.018661383691806,0.055984151555294,0.0,0.0,0
17007,5582.6,41.07743814955032,152.8923447258326,47,1.845610863608833,0.097039196064588,0.186613838585068,0.018661383867744,0.0,0.0,0
17007,5582.7,41.26311891894339,152.9016754177619,47,1.856807693940865,0.093306919293579,0.111968303320933,-0.037322767710288,0.0,0.0,0
17007,5582.8,41.449919371367976,152.9100730404983,47,1.868004524239052,0.083976227363657,0.111968302981454,-0.093306919298888,0.0,0.0,0
17007,5582.9,41.63802612066266,152.9182840493961,47,1.881067492957091,0.082110088978475,0.130629687181105,-0.018661383851919,0.0,0.0,0
17007,5583.0,41.82706593915028,152.92500214758516,47,1.890398184869341,0.0671809818903,0.093306919122163,-0.149291070881206,0.0,0.0,0
17007,5583.1,42.017038826830834,152.930040721227,47,1.899728876798629,0.05038573641808,0.093306919292533,-0.167952454721586,0.0,0.0,0
17007,5583.2,42.20719832834996,152.93433283951447,47,1.901595015201639,0.042921182875041,0.018661384030205,-0.074645535430802,0.0,0.0,0
17007,5583.3,42.39586491916041,152.937691888609,47,1.886665908097626,0.033590490945292,-0.149291071039582,-0.093306919297148,0.0,0.0,0
17007,5583.4,42.583225213100754,152.9384383439634,47,1.873602939413665,0.007464553544066,-0.130629686840331,-0.261259374013685,0.0,0.0,0
17007,5583.5,42.76965243784817,152.93713204709331,47,1.864272247467408,-0.013062968701215,-0.093306919462226,-0.205275222452068,0.0,0.0,0
17007,5583.6,42.95645289027275,152.9350792948688,47,1.868004524238981,-0.020527522244645,0.037322767715593,-0.074645535434027,0.0,0.0,0
17007,5583.7,43.14306672885876,152.93097379041993,47,1.866138385870309,-0.041055044489095,-0.018661383686822,-0.205275222445622,0.0,0.0,0
17007,5583.8,43.32986718128334,152.92705489980963,47,1.868004524238981,-0.039188906102793,0.018661383686652,0.018661383862951,0.0,0.0,0
17007,5583.9,43.51741408906226,152.9244423060694,47,1.875469077799397,-0.026125937402384,0.074645535604568,0.130629687004806,0.0,0.0,0
17007,5584.0,43.70440115532544,152.92220294000637,47,1.869870662625052,-0.022393660630289,-0.055984151743252,0.037322767720811,0.0,0.0,0
17007,5584.1,43.89082838007285,152.919217118589,47,1.864272247467266,-0.029858214173719,-0.055984151577651,-0.074645535434027,0.0,0.0,0
17007,5584.2,44.07837528785179,152.91716436636457,47,1.875469077799681,-0.020527522244263,0.111968303324764,0.093306919295068,0.0,0.0,0
17007,5584.3,44.26722849250082,152.9167911386874,47,1.888532046483413,-0.003732276771857,0.13062968683684,0.167952454723453,0.0,0.0,0
17007,5584.4,44.45589508331126,152.9184706632346,47,1.886665908114714,0.016795245472088,-0.018661383687084,0.205275222440573,0.0,0.0,0
17007,5584.5,44.6447482879603,152.92257616768356,47,1.888532046483484,0.041055044489575,0.018661383687625,0.242597990173981,0.0,0.0,0
17007,5584.6,44.83229519573922,152.92593521677813,47,1.87546907778241,0.033590490945576,-0.130629687010257,-0.074645535439711,0.0,0.0,0
17007,5584.7,45.01984210351816,152.93060056274277,47,1.87546907779961,0.046653459646648,1.71996e-10,0.130629687011425,0.0,0.0,0
17007,5584.8,45.20794885281284,152.9380651162862,47,1.881067492939983,0.074645535434014,0.055984151403526,0.279920757872647,0.0,0.0,0
17007,5584.9,45.39624221594613,152.94646273902256,47,1.882933631343179,0.083976227364136,0.018661384032059,0.09330691930173,0.0,0.0,0
17007,5585.0,45.58416235140222,152.9556068171133,47,1.879201354554054,0.091440780907086,-0.037322767891108,0.074645535429231,0.0,0.0,0
17007,5585.1,45.77189587301974,152.96400443984967,47,1.877335216168339,0.083976227363372,-0.018661383857085,-0.074645535436869,0.0,0.0,0
17007,5585.2,45.95925616696008,152.97146899339305,47,1.873602939413665,0.074645535434124,-0.037322767546949,-0.093306919292988,0.0,0.0,0
17007,5585.3,46.14587000554609,152.9781870915822,47,1.866138385853265,0.067180981891437,-0.07464553560372,-0.074645535426605,0.0,0.0,0
17007,5585.4,46.33304368564784,152.9858382589642,47,1.871736801027719,0.076511673820354,0.055984151744842,0.093306919289683,0.0,0.0,0
17007,5585.5,46.51965752423384,152.9929295848305,47,1.866138385853265,0.070913258662726,-0.055984151744333,-0.055984151576084,0.0,0.0,0
17007,5585.6,46.70533829362692,152.99871461382665,47,1.856807693924049,0.057850289961226,-0.093306919291823,-0.130629687014521,0.0,0.0,0
17007,5585.7,46.88971276614988,153.00263350443691,47,1.843744725239602,0.039188906102866,-0.130629686845178,-0.186613838584621,0.0,0.0,0
17007,5585.8,47.07278094180274,153.0061791673701,47,1.830681756521973,0.035456629331789,-0.130629687175814,-0.03732276771063,0.0,0.0,0
17007,5585.9,47.25491604826268,153.0112177410119,47,1.821351064609323,0.050385736418254,-0.093306919127019,0.149291070865467,0.0,0.0,0
17007,5586.0,47.43686454088403,153.0177492253625,47,1.8194849262069,0.065314843505224,-0.018661384024158,0.149291070869155,0.0,0.0,0
17007,5586.1,47.61937287502114,153.02652007577595,47,1.825083341364472,0.087708504134661,0.055984151575519,0.223936606293554,0.0,0.0,0
17007,5586.2,47.80337411986693,153.03864997528405,47,1.840012448467925,0.121298995081625,0.149291071035338,0.335904909471471,0.0,0.0,0
17007,5586.3,47.98886827542142,153.05301924085515,47,1.854941555538121,0.143692655710527,0.149291070701417,0.223936606288206,0.0,0.0,0
17007,5586.4,48.17380258946014,153.06701527874912,47,1.849343140397297,0.139960378940511,-0.055984151408545,-0.03732276770036,0.0,0.0,0
17007,5586.5,48.35743060662877,153.08007824745016,47,1.836280171679617,0.13062968700988,-0.130629687176322,-0.093306919305973,0.0,0.0,0
17007,5586.6,48.538632643895774,153.0912750777653,47,1.81202037266347,0.111968303150879,-0.242597990160586,-0.18661383858933,0.0,0.0,0
17007,5586.7,48.71722208742258,153.10004592817884,47,1.78589443527778,0.087708504136027,-0.261259373858334,-0.242597990149842,0.0,0.0,0
17007,5586.8,48.89357216488634,153.1062041848522,47,1.763500774631247,0.061582566733367,-0.223936606464506,-0.26125937402565,0.0,0.0,0
17007,5586.9,49.06768287628708,153.11142937233257,47,1.741107114016864,0.052251874803916,-0.223936606145055,-0.093306919295025,0.0,0.0,0
17007,5587.0,49.23974083546338,153.1164679459745,47,1.720579591756739,0.050385736418649,-0.205275222600504,-0.018661383852601,0.0,0.0,0
17007,5587.1,49.40713344867502,153.1235592718407,47,1.673926132110302,0.070913258662157,-0.466534596462668,0.205275222434337,0.0,0.0,0
17007,5587.2,49.57060717127636,153.1327033499314,47,1.634737226022306,0.091440780907634,-0.391889060882105,0.205275222455888,0.0,0.0,0
17007,5587.3,49.72960216175163,153.1429671110537,47,1.58994990474693,0.102637611222089,-0.447873212752128,0.111968303144145,0.0,0.0,0
17007,5587.4,49.88243889555356,153.1515513476286,47,1.528367338027676,0.085842365750082,-0.615825667195896,-0.167952454720991,0.0,0.0,0
17007,5587.5,50.0285575311664,153.1578962181405,47,1.46118635612305,0.063448705118727,-0.671809819043823,-0.22393660631273,0.0,0.0,0
17007,5587.6,50.16889113778307,153.16349463329811,47,1.403336066161611,0.055984151575866,-0.578502899612286,-0.074645535428342,0.0,0.0,0
17007,5587.7,50.30269326004923,153.16815997926273,47,1.338021222668911,0.046653459646363,-0.653148434930562,-0.093306919295534,0.0,0.0,0
17007,5587.8,50.43089696715781,153.1718922560345,47,1.282037071081089,0.037322767717149,-0.559841515876182,-0.093306919291803,0.0,0.0,0
17007,5587.9,50.554621942140336,153.1756245328062,47,1.237249749832047,0.037322767717773,-0.447873212492864,6.237e-12,0.0,0.0,0
17007,5588.0,50.67386818499679,153.17879696806213,47,1.192462428560215,0.031724352559079,-0.447873212716688,-0.05598415158673,0.0,0.0,0
17007,5588.1,50.78844908188859,153.1821560171567,47,1.145808968913779,0.033590490945576,-0.466534596462668,0.018661383864902,0.0,0.0,0
17007,5588.2,50.89799140513857,153.18476861089687,47,1.095423232505804,0.026125937401816,-0.503857364082504,-0.074645535438014,0.0,0.0,0
17007,5588.3,51.0015620855538,153.18532845241265,47,1.035706804148544,0.005598415157786,-0.597164283570421,-0.205275222439555,0.0,0.0,0
17007,5588.4,51.09878789545711,153.1830890863496,47,0.972258099038375,-0.022393660630493,-0.634487051105151,-0.279920757884314,0.0,0.0,0
17007,5588.5,51.18910899333273,153.17786389886933,47,0.903210978752949,-0.05225187480344,-0.690471202851752,-0.298582141728386,0.0,0.0,0
17007,5588.6,51.2734584483736,153.1713324145187,47,0.843494550405652,-0.065314843505224,-0.597164283470794,-0.130629687017363,0.0,0.0,0
17007,5588.7,51.35258271593406,153.16517415784537,47,0.791242675608911,-0.061582566733643,-0.522518747970266,0.037322767716015,0.0,0.0,0
