id,time,xloc_kf,yloc_kf,lane_kf,speed_kf,acceleration_kf,length_smoothed,width_smoothed,type_most_common
638,68.1,101.684,488.764,-2,4.927,0.204,15.0,2.75,2
638,68.2,101.656,488.27,-2,4.938,0.103,15.0,2.75,2
638,68.3,101.626,487.776,-2,4.94,0.027,15.0,2.75,2
638,68.4,101.597,487.282,-2,4.938,-0.026,15.0,2.75,2
638,68.5,101.57,486.785,-2,4.971,0.335,15.0,2.75,2
638,68.6,101.543,486.286,-2,4.994,0.223,15.0,2.75,2
638,68.7,101.515,485.785,-2,5.007,0.136,15.0,2.75,2
638,68.8,101.487,485.28,-2,5.053,0.464,15.0,2.75,2
638,68.9,101.457,484.775,-2,5.046,-0.071,15.0,2.75,2
638,69.0,101.432,484.263,-2,5.116,0.697,15.0,2.75,2
638,69.1,101.405,483.751,-2,5.127,0.109,15.0,2.75,2
638,69.2,101.382,483.238,-2,5.131,0.042,15.0,2.75,2
638,69.3,101.356,482.721,-2,5.17,0.388,15.0,2.75,2
638,69.4,101.334,482.201,-2,5.196,0.263,15.0,2.75,2
638,69.5,101.309,481.676,-2,5.252,0.559,15.0,2.75,2
638,69.6,101.286,481.147,-2,5.291,0.389,15.0,2.75,2
638,69.7,101.265,480.615,-2,5.316,0.252,15.0,2.75,2
638,69.8,101.245,480.082,-2,5.331,0.144,15.0,2.75,2
638,69.9,101.226,479.548,-2,5.337,0.061,15.0,2.75,2
638,70.0,101.207,479.011,-2,5.376,0.395,15.0,2.75,2
638,70.1,101.189,478.47,-2,5.402,0.262,15.0,2.75,2
638,70.2,101.17,477.929,-2,5.418,0.157,15.0,2.75,2
638,70.3,101.152,477.382,-2,5.465,0.471,15.0,2.75,2
638,70.4,101.137,476.836,-2,5.458,-0.075,15.0,2.75,2
638,70.5,101.12,476.288,-2,5.487,0.291,15.0,2.75,2
638,70.6,101.107,475.737,-2,5.505,0.185,15.0,2.75,2
638,70.7,101.092,475.181,-2,5.555,0.498,15.0,2.75,2
638,70.8,101.079,474.626,-2,5.55,-0.05,15.0,2.75,2
638,70.9,101.068,474.072,-2,5.542,-0.081,15.0,2.75,2
638,71.0,101.058,473.515,-2,5.572,0.297,15.0,2.75,2
638,71.1,101.049,472.956,-2,5.592,0.2,15.0,2.75,2
638,71.2,101.04,472.395,-2,5.604,0.123,15.0,2.75,2
638,71.3,101.031,471.834,-2,5.611,0.065,15.0,2.75,2
638,71.4,101.022,471.273,-2,5.613,0.023,15.0,2.75,2
638,71.5,101.017,470.712,-2,5.612,-0.007,15.0,2.75,2
638,71.6,101.011,470.151,-2,5.61,-0.025,15.0,2.75,2
638,71.7,101.008,469.59,-2,5.606,-0.036,15.0,2.75,2
638,71.8,101.003,469.03,-2,5.602,-0.039,15.0,2.75,2
638,71.9,101.0,468.47,-2,5.598,-0.038,15.0,2.75,2
638,72.0,100.995,467.911,-2,5.595,-0.034,15.0,2.75,2
638,72.1,100.992,467.351,-2,5.592,-0.027,15.0,2.75,2
638,72.2,100.99,466.792,-2,5.59,-0.02,15.0,2.75,2
638,72.3,100.986,466.234,-2,5.589,-0.013,15.0,2.75,2
638,72.4,100.983,465.675,-2,5.589,-0.005,15.0,2.75,2
638,72.5,100.981,465.12,-2,5.549,-0.394,15.0,2.75,2
638,72.6,100.98,464.564,-2,5.559,0.098,15.0,2.75,2
638,72.7,100.98,464.011,-2,5.528,-0.305,15.0,2.75,2
638,72.8,100.981,463.46,-2,5.506,-0.222,15.0,2.75,2
638,72.9,100.981,462.911,-2,5.491,-0.152,15.0,2.75,2
638,73.0,100.981,462.363,-2,5.482,-0.095,15.0,2.75,2
638,73.1,100.982,461.819,-2,5.437,-0.443,15.0,2.75,2
638,73.2,100.982,461.275,-2,5.445,0.079,15.0,2.75,2
638,73.3,100.982,460.733,-2,5.415,-0.303,15.0,2.75,2
638,73.4,100.983,460.198,-2,5.355,-0.6,15.0,2.75,2
638,73.5,100.983,459.663,-2,5.352,-0.034,15.0,2.75,2
638,73.6,100.983,459.131,-2,5.314,-0.379,15.0,2.75,2
638,73.7,100.982,458.603,-2,5.288,-0.253,15.0,2.75,2
638,73.8,100.982,458.079,-2,5.234,-0.546,15.0,2.75,2
638,73.9,100.982,457.556,-2,5.236,0.02,15.0,2.75,2
638,74.0,100.978,457.035,-2,5.203,-0.329,15.0,2.75,2
638,74.1,100.974,456.521,-2,5.143,-0.602,15.0,2.75,2
638,74.2,100.972,456.007,-2,5.141,-0.02,15.0,2.75,2
638,74.3,100.97,455.497,-2,5.105,-0.356,15.0,2.75,2
638,74.4,100.969,454.992,-2,5.043,-0.619,15.0,2.75,2
638,74.5,100.968,454.488,-2,5.04,-0.029,15.0,2.75,2
638,74.6,100.968,453.988,-2,5.004,-0.359,15.0,2.75,2
638,74.7,100.964,453.494,-2,4.942,-0.619,15.0,2.75,2
638,74.8,100.961,453.0,-2,4.94,-0.027,15.0,2.75,2
638,74.9,100.959,452.509,-2,4.904,-0.356,15.0,2.75,2
638,75.0,100.954,452.025,-2,4.843,-0.615,15.0,2.75,2
638,75.1,100.95,451.541,-2,4.84,-0.023,15.0,2.75,2
638,75.2,100.944,451.06,-2,4.805,-0.352,15.0,2.75,2
638,75.3,100.94,450.586,-2,4.744,-0.612,15.0,2.75,2
638,75.4,100.933,450.112,-2,4.742,-0.021,15.0,2.75,2
638,75.5,100.924,449.641,-2,4.707,-0.351,15.0,2.75,2
638,75.6,100.918,449.177,-2,4.645,-0.612,15.0,2.75,2
638,75.7,100.911,448.712,-2,4.643,-0.022,15.0,2.75,2
638,75.8,100.902,448.252,-2,4.608,-0.352,15.0,2.75,2
638,75.9,100.892,447.793,-2,4.586,-0.219,15.0,2.75,2
638,76.0,100.882,447.339,-2,4.535,-0.511,15.0,2.75,2
638,76.1,100.871,446.889,-2,4.501,-0.342,15.0,2.75,2
638,76.2,100.86,446.441,-2,4.48,-0.209,15.0,2.75,2
638,76.3,100.845,445.994,-2,4.469,-0.106,15.0,2.75,2
638,76.4,100.831,445.548,-2,4.466,-0.03,15.0,2.75,2
638,76.5,100.819,445.105,-2,4.429,-0.372,15.0,2.75,2
638,76.6,100.803,444.664,-2,4.404,-0.246,15.0,2.75,2
638,76.7,100.788,444.225,-2,4.39,-0.148,15.0,2.75,2
638,76.8,100.771,443.787,-2,4.382,-0.073,15.0,2.75,2
638,76.9,100.753,443.349,-2,4.38,-0.019,15.0,2.75,2
638,77.0,100.737,442.915,-2,4.343,-0.377,15.0,2.75,2
638,77.1,100.719,442.479,-2,4.356,0.133,15.0,2.75,2
638,77.2,100.7,442.046,-2,4.33,-0.262,15.0,2.75,2
638,77.3,100.68,441.615,-2,4.312,-0.178,15.0,2.75,2
638,77.4,100.66,441.185,-2,4.301,-0.113,15.0,2.75,2
638,77.5,100.639,440.752,-2,4.334,0.332,15.0,2.75,2
638,77.6,100.615,440.319,-2,4.322,-0.118,15.0,2.75,2
638,77.7,100.591,439.888,-2,4.314,-0.08,15.0,2.75,2
638,77.8,100.568,439.457,-2,4.309,-0.052,15.0,2.75,2
638,77.9,100.542,439.027,-2,4.306,-0.031,15.0,2.75,2
638,78.0,100.518,438.596,-2,4.304,-0.016,15.0,2.75,2
638,78.1,100.491,438.162,-2,4.343,0.389,15.0,2.75,2
638,78.2,100.466,437.728,-2,4.334,-0.092,15.0,2.75,2
638,78.3,100.439,437.292,-2,4.366,0.318,15.0,2.75,2
638,78.4,100.411,436.857,-2,4.35,-0.156,15.0,2.75,2
638,78.5,100.381,436.419,-2,4.376,0.263,15.0,2.75,2
638,78.6,100.351,435.98,-2,4.396,0.192,15.0,2.75,2
638,78.7,100.32,435.539,-2,4.409,0.132,15.0,2.75,2
638,78.8,100.289,435.093,-2,4.457,0.478,15.0,2.75,2
638,78.9,100.258,434.648,-2,4.452,-0.049,15.0,2.75,2
638,79.0,100.227,434.2,-2,4.484,0.327,15.0,2.75,2
638,79.1,100.197,433.745,-2,4.546,0.619,15.0,2.75,2
638,79.2,100.162,433.29,-2,4.551,0.048,15.0,2.75,2
638,79.3,100.129,432.831,-2,4.59,0.389,15.0,2.75,2
638,79.4,100.097,432.369,-2,4.616,0.258,15.0,2.75,2
638,79.5,100.061,431.906,-2,4.631,0.153,15.0,2.75,2
638,79.6,100.028,431.438,-2,4.678,0.466,15.0,2.75,2
638,79.7,99.991,430.968,-2,4.709,0.313,15.0,2.75,2
638,79.8,99.953,430.491,-2,4.767,0.585,15.0,2.75,2
638,79.9,99.917,430.01,-2,4.807,0.398,15.0,2.75,2
638,80.0,99.88,429.527,-2,4.832,0.246,15.0,2.75,2
638,80.1,99.841,429.038,-2,4.884,0.523,15.0,2.75,2
638,80.2,99.805,428.543,-2,4.958,0.736,15.0,2.75,2
638,80.3,99.768,428.046,-2,4.968,0.106,15.0,2.75,2
638,80.4,99.729,427.541,-2,5.048,0.797,15.0,2.75,2
638,80.5,99.69,427.035,-2,5.063,0.149,15.0,2.75,2
638,80.6,99.65,426.52,-2,5.146,0.827,15.0,2.75,2
638,80.7,99.614,426.004,-2,5.163,0.169,15.0,2.75,2
638,80.8,99.577,425.479,-2,5.246,0.838,15.0,2.75,2
638,80.9,99.538,424.953,-2,5.264,0.174,15.0,2.75,2
638,81.0,99.499,424.418,-2,5.348,0.839,15.0,2.75,2
638,81.1,99.46,423.878,-2,5.404,0.566,15.0,2.75,2
638,81.2,99.42,423.334,-2,5.439,0.348,15.0,2.75,2
638,81.3,99.38,422.784,-2,5.497,0.574,15.0,2.75,2
638,81.4,99.34,422.227,-2,5.572,0.75,15.0,2.75,2
638,81.5,99.3,421.665,-2,5.62,0.489,15.0,2.75,2
638,81.6,99.259,421.1,-2,5.649,0.283,15.0,2.75,2
638,81.7,99.219,420.526,-2,5.74,0.916,15.0,2.75,2
638,81.8,99.179,419.95,-2,5.763,0.222,15.0,2.75,2
638,81.9,99.139,419.365,-2,5.849,0.866,15.0,2.75,2
638,82.0,99.099,418.774,-2,5.907,0.577,15.0,2.75,2
638,82.1,99.059,418.18,-2,5.942,0.348,15.0,2.75,2
638,82.2,99.023,417.58,-2,5.998,0.567,15.0,2.75,2
638,82.3,98.986,416.973,-2,6.072,0.74,15.0,2.75,2
638,82.4,98.948,416.361,-2,6.12,0.477,15.0,2.75,2
638,82.5,98.91,415.742,-2,6.187,0.666,15.0,2.75,2
638,82.6,98.871,415.119,-2,6.228,0.418,15.0,2.75,2
638,82.7,98.832,414.49,-2,6.29,0.621,15.0,2.75,2
638,82.8,98.796,413.854,-2,6.368,0.78,15.0,2.75,2
638,82.9,98.759,413.212,-2,6.419,0.506,15.0,2.75,2
638,83.0,98.721,412.567,-2,6.448,0.29,15.0,2.75,2
638,83.1,98.686,411.913,-2,6.54,0.917,15.0,2.75,2
638,83.2,98.65,411.257,-2,6.562,0.219,15.0,2.75,2
638,83.3,98.616,410.596,-2,6.608,0.466,15.0,2.75,2
638,83.4,98.581,409.928,-2,6.675,0.664,15.0,2.75,2
638,83.5,98.547,409.257,-2,6.717,0.423,15.0,2.75,2
638,83.6,98.516,408.583,-2,6.741,0.236,15.0,2.75,2
638,83.7,98.482,407.9,-2,6.829,0.886,15.0,2.75,2
638,83.8,98.449,407.215,-2,6.85,0.206,15.0,2.75,2
638,83.9,98.418,406.525,-2,6.897,0.467,15.0,2.75,2
638,84.0,98.388,405.833,-2,6.925,0.28,15.0,2.75,2
638,84.1,98.358,405.135,-2,6.978,0.532,15.0,2.75,2
638,84.2,98.329,404.434,-2,7.011,0.336,15.0,2.75,2
638,84.3,98.3,403.727,-2,7.069,0.58,15.0,2.75,2
638,84.4,98.271,403.016,-2,7.107,0.375,15.0,2.75,2
638,84.5,98.242,402.303,-2,7.128,0.216,15.0,2.75,2
638,84.6,98.216,401.585,-2,7.178,0.491,15.0,2.75,2
638,84.7,98.19,400.865,-2,7.209,0.312,15.0,2.75,2
638,84.8,98.166,400.142,-2,7.226,0.174,15.0,2.75,2
638,84.9,98.141,399.415,-2,7.273,0.466,15.0,2.75,2
638,85.0,98.118,398.684,-2,7.303,0.301,15.0,2.75,2
638,85.1,98.097,397.952,-2,7.32,0.172,15.0,2.75,2
638,85.2,98.073,397.22,-2,7.328,0.076,15.0,2.75,2
638,85.3,98.051,396.483,-2,7.368,0.403,15.0,2.75,2
638,85.4,98.03,395.743,-2,7.394,0.264,15.0,2.75,2
638,85.5,98.01,395.006,-2,7.371,-0.238,15.0,2.75,2
638,85.6,97.99,394.264,-2,7.427,0.563,15.0,2.75,2
638,85.7,97.975,393.521,-2,7.428,0.006,15.0,2.75,2
638,85.8,97.958,392.778,-2,7.424,-0.033,15.0,2.75,2
638,85.9,97.945,392.033,-2,7.458,0.338,15.0,2.75,2
638,86.0,97.93,391.284,-2,7.481,0.234,15.0,2.75,2
638,86.1,97.918,390.539,-2,7.457,-0.243,15.0,2.75,2
638,86.2,97.903,389.775,-2,7.633,1.76,15.0,2.75,2
638,86.3,97.891,389.015,-2,7.608,-0.248,15.0,2.75,2
638,86.4,97.88,388.256,-2,7.584,-0.245,15.0,2.75,2
638,86.5,97.87,387.5,-2,7.561,-0.23,15.0,2.75,2
638,86.6,97.86,386.746,-2,7.54,-0.208,15.0,2.75,2
638,86.7,97.851,385.998,-2,7.483,-0.575,15.0,2.75,2
638,86.8,97.846,385.25,-2,7.477,-0.057,15.0,2.75,2
638,86.9,97.84,384.503,-2,7.473,-0.038,15.0,2.75,2
638,87.0,97.833,383.76,-2,7.432,-0.414,15.0,2.75,2
638,87.1,97.829,383.016,-2,7.441,0.09,15.0,2.75,2
638,87.2,97.827,382.274,-2,7.41,-0.303,15.0,2.75,2
638,87.3,97.823,381.536,-2,7.389,-0.212,15.0,2.75,2
638,87.4,97.821,380.798,-2,7.376,-0.136,15.0,2.75,2
638,87.5,97.82,380.061,-2,7.368,-0.075,15.0,2.75,2
638,87.6,97.82,379.325,-2,7.365,-0.027,15.0,2.75,2
638,87.7,97.821,378.592,-2,7.327,-0.385,15.0,2.75,2
638,87.8,97.821,377.858,-2,7.34,0.127,15.0,2.75,2
638,87.9,97.826,377.127,-2,7.313,-0.265,15.0,2.75,2
638,88.0,97.83,376.397,-2,7.295,-0.176,15.0,2.75,2
638,88.1,97.837,375.673,-2,7.245,-0.501,15.0,2.75,2
638,88.2,97.842,374.952,-2,7.21,-0.354,15.0,2.75,2
638,88.3,97.849,374.233,-2,7.187,-0.234,15.0,2.75,2
638,88.4,97.858,373.516,-2,7.173,-0.138,15.0,2.75,2
638,88.5,97.865,372.803,-2,7.127,-0.458,15.0,2.75,2
638,88.6,97.873,372.097,-2,7.056,-0.706,15.0,2.75,2
638,88.7,97.882,371.393,-2,7.046,-0.1,15.0,2.75,2
638,88.8,97.891,370.692,-2,7.005,-0.415,15.0,2.75,2
638,88.9,97.902,369.994,-2,6.978,-0.265,15.0,2.75,2
638,89.0,97.916,369.298,-2,6.964,-0.148,15.0,2.75,2
638,89.1,97.929,368.606,-2,6.918,-0.453,15.0,2.75,2
638,89.2,97.942,367.921,-2,6.849,-0.69,15.0,2.75,2
638,89.3,97.954,367.241,-2,6.802,-0.474,15.0,2.75,2
638,89.4,97.969,366.564,-2,6.772,-0.3,15.0,2.75,2
638,89.5,97.983,365.892,-2,6.716,-0.558,15.0,2.75,2
638,89.6,97.999,365.224,-2,6.68,-0.362,15.0,2.75,2
638,89.7,98.018,364.562,-2,6.62,-0.602,15.0,2.75,2
638,89.8,98.033,363.904,-2,6.58,-0.392,15.0,2.75,2
638,89.9,98.051,363.252,-2,6.518,-0.621,15.0,2.75,2
638,90.0,98.07,362.609,-2,6.439,-0.797,15.0,2.75,2
638,90.1,98.089,361.966,-2,6.425,-0.138,15.0,2.75,2
638,90.2,98.11,361.328,-2,6.384,-0.413,15.0,2.75,2
638,90.3,98.13,360.696,-2,6.32,-0.633,15.0,2.75,2
638,90.4,98.151,360.072,-2,6.24,-0.802,15.0,2.75,2
638,90.5,98.172,359.453,-2,6.187,-0.533,15.0,2.75,2
638,90.6,98.193,358.837,-2,6.155,-0.319,15.0,2.75,2
638,90.7,98.213,358.227,-2,6.1,-0.549,15.0,2.75,2
638,90.8,98.233,357.625,-2,6.027,-0.73,15.0,2.75,2
638,90.9,98.254,357.027,-2,5.98,-0.473,15.0,2.75,2
638,91.0,98.274,356.435,-2,5.913,-0.666,15.0,2.75,2
638,91.1,98.293,355.852,-2,5.831,-0.816,15.0,2.75,2
638,91.2,98.313,355.271,-2,5.818,-0.138,15.0,2.75,2
638,91.3,98.337,354.697,-2,5.738,-0.796,15.0,2.75,2
638,91.4,98.359,354.128,-2,5.686,-0.521,15.0,2.75,2
638,91.5,98.381,353.567,-2,5.616,-0.699,15.0,2.75,2
638,91.6,98.402,353.009,-2,5.572,-0.442,15.0,2.75,2
638,91.7,98.423,352.466,-2,5.429,-1.427,15.0,2.75,2
638,91.8,98.447,351.93,-2,5.369,-0.605,15.0,2.75,2
638,91.9,98.47,351.396,-2,5.334,-0.35,15.0,2.75,2
638,92.0,98.492,350.868,-2,5.279,-0.55,15.0,2.75,2
638,92.1,98.513,350.344,-2,5.247,-0.315,15.0,2.75,2
638,92.2,98.533,349.824,-2,5.194,-0.532,15.0,2.75,2
638,92.3,98.553,349.312,-2,5.123,-0.706,15.0,2.75,2
638,92.4,98.577,348.804,-2,5.079,-0.447,15.0,2.75,2
638,92.5,98.599,348.299,-2,5.054,-0.246,15.0,2.75,2
638,92.6,98.621,347.798,-2,5.005,-0.49,15.0,2.75,2
638,92.7,98.642,347.304,-2,4.936,-0.686,15.0,2.75,2
638,92.8,98.662,346.815,-2,4.892,-0.444,15.0,2.75,2
638,92.9,98.682,346.333,-2,4.827,-0.649,15.0,2.75,2
638,93.0,98.702,345.858,-2,4.746,-0.81,15.0,2.75,2
638,93.1,98.718,345.389,-2,4.693,-0.535,15.0,2.75,2
638,93.2,98.734,344.923,-2,4.661,-0.319,15.0,2.75,2
638,93.3,98.751,344.462,-2,4.606,-0.548,15.0,2.75,2
638,93.4,98.769,344.009,-2,4.533,-0.73,15.0,2.75,2
638,93.5,98.784,343.56,-2,4.486,-0.474,15.0,2.75,2
638,93.6,98.8,343.114,-2,4.458,-0.273,15.0,2.75,2
638,93.7,98.813,342.674,-2,4.407,-0.516,15.0,2.75,2
638,93.8,98.829,342.24,-2,4.336,-0.709,15.0,2.75,2
638,93.9,98.842,341.811,-2,4.29,-0.462,15.0,2.75,2
638,94.0,98.853,341.385,-2,4.263,-0.269,15.0,2.75,2
638,94.1,98.863,340.964,-2,4.211,-0.517,15.0,2.75,2
638,94.2,98.873,340.546,-2,4.179,-0.318,15.0,2.75,2
638,94.3,98.882,340.134,-2,4.123,-0.561,15.0,2.75,2
638,94.4,98.89,339.725,-2,4.087,-0.357,15.0,2.75,2
638,94.5,98.899,339.318,-2,4.068,-0.198,15.0,2.75,2
638,94.6,98.908,338.916,-2,4.02,-0.475,15.0,2.75,2
638,94.7,98.913,338.517,-2,3.99,-0.299,15.0,2.75,2
638,94.8,98.919,338.12,-2,3.974,-0.163,15.0,2.75,2
638,94.9,98.923,337.727,-2,3.928,-0.457,15.0,2.75,2
638,95.0,98.928,337.333,-2,3.938,0.1,15.0,2.75,2
638,95.1,98.931,336.946,-2,3.873,-0.656,15.0,2.75,2
638,95.2,98.932,336.559,-2,3.866,-0.062,15.0,2.75,2
638,95.3,98.932,336.172,-2,3.867,0.005,15.0,2.75,2
638,95.4,98.927,335.789,-2,3.832,-0.346,15.0,2.75,2
638,95.5,98.923,335.408,-2,3.809,-0.228,15.0,2.75,2
638,95.6,98.92,335.029,-2,3.796,-0.137,15.0,2.75,2
638,95.7,98.913,334.65,-2,3.789,-0.068,15.0,2.75,2
638,95.8,98.904,334.271,-2,3.787,-0.019,15.0,2.75,2
638,95.9,98.894,333.892,-2,3.788,0.014,15.0,2.75,2
638,96.0,98.882,333.513,-2,3.792,0.034,15.0,2.75,2
638,96.1,98.87,333.137,-2,3.757,-0.35,15.0,2.75,2
638,96.2,98.858,332.76,-2,3.771,0.139,15.0,2.75,2
638,96.3,98.842,332.382,-2,3.783,0.124,15.0,2.75,2
638,96.4,98.828,332.003,-2,3.794,0.105,15.0,2.75,2
638,96.5,98.811,331.622,-2,3.802,0.085,15.0,2.75,2
638,96.6,98.791,331.242,-2,3.809,0.065,15.0,2.75,2
638,96.7,98.771,330.856,-2,3.853,0.44,15.0,2.75,2
638,96.8,98.75,330.472,-2,3.846,-0.065,15.0,2.75,2
638,96.9,98.728,330.084,-2,3.879,0.327,15.0,2.75,2
638,97.0,98.703,329.694,-2,3.902,0.234,15.0,2.75,2
638,97.1,98.678,329.298,-2,3.957,0.551,15.0,2.75,2
638,97.2,98.651,328.902,-2,3.957,0.0,15.0,2.75,2
638,97.3,98.622,328.503,-2,3.993,0.356,15.0,2.75,2
638,97.4,98.591,328.097,-2,4.056,0.632,15.0,2.75,2
638,97.5,98.556,327.687,-2,4.101,0.444,15.0,2.75,2
638,97.6,98.521,327.274,-2,4.13,0.289,15.0,2.75,2
638,97.7,98.483,326.859,-2,4.146,0.165,15.0,2.75,2
638,97.8,98.443,326.44,-2,4.192,0.463,15.0,2.75,2
638,97.9,98.402,326.014,-2,4.262,0.695,15.0,2.75,2
638,98.0,98.36,325.583,-2,4.309,0.473,15.0,2.75,2
638,98.1,98.318,325.145,-2,4.378,0.688,15.0,2.75,2
638,98.2,98.272,324.703,-2,4.424,0.456,15.0,2.75,2
638,98.3,98.227,324.254,-2,4.49,0.665,15.0,2.75,2
638,98.4,98.179,323.801,-2,4.533,0.428,15.0,2.75,2
638,98.5,98.13,323.341,-2,4.597,0.637,15.0,2.75,2
638,98.6,98.079,322.877,-2,4.637,0.402,15.0,2.75,2
638,98.7,98.028,322.407,-2,4.698,0.613,15.0,2.75,2
638,98.8,97.972,321.93,-2,4.776,0.777,15.0,2.75,2
638,98.9,97.918,321.443,-2,4.866,0.899,15.0,2.75,2
638,99.0,97.86,320.951,-2,4.925,0.592,15.0,2.75,2
638,99.1,97.801,320.451,-2,4.999,0.744,15.0,2.75,2
638,99.2,97.74,319.946,-2,5.046,0.464,15.0,2.75,2
638,99.3,97.679,319.431,-2,5.149,1.036,15.0,2.75,2
638,99.4,97.613,318.91,-2,5.218,0.688,15.0,2.75,2
638,99.5,97.549,318.384,-2,5.259,0.411,15.0,2.75,2
638,99.6,97.481,317.848,-2,5.358,0.988,15.0,2.75,2
638,99.7,97.411,317.306,-2,5.423,0.647,15.0,2.75,2
638,99.8,97.34,316.756,-2,5.5,0.772,15.0,2.75,2
638,99.9,97.269,316.197,-2,5.587,0.869,15.0,2.75,2
638,100.0,97.193,315.633,-2,5.641,0.547,15.0,2.75,2
638,100.1,97.118,315.062,-2,5.711,0.691,15.0,2.75,2
638,100.2,97.041,314.483,-2,5.791,0.805,15.0,2.75,2
638,100.3,96.965,313.899,-2,5.841,0.499,15.0,2.75,2
638,100.4,96.887,313.308,-2,5.907,0.657,15.0,2.75,2
638,100.5,96.808,312.709,-2,5.985,0.784,15.0,2.75,2
638,100.6,96.727,312.106,-2,6.034,0.487,15.0,2.75,2
638,100.7,96.643,311.492,-2,6.139,1.048,15.0,2.75,2
638,100.8,96.559,310.875,-2,6.168,0.299,15.0,2.75,2
638,100.9,96.472,310.249,-2,6.259,0.901,15.0,2.75,2
638,101.0,96.386,309.618,-2,6.317,0.583,15.0,2.75,2
638,101.1,96.299,308.983,-2,6.35,0.335,15.0,2.75,2
638,101.2,96.209,308.342,-2,6.405,0.542,15.0,2.75,2
638,101.3,96.119,307.695,-2,6.475,0.709,15.0,2.75,2
638,101.4,96.028,307.043,-2,6.52,0.445,15.0,2.75,2
638,101.5,95.937,306.384,-2,6.584,0.637,15.0,2.75,2
638,101.6,95.846,305.722,-2,6.623,0.394,15.0,2.75,2
638,101.7,95.755,305.058,-2,6.644,0.207,15.0,2.75,2
638,101.8,95.66,304.389,-2,6.69,0.465,15.0,2.75,2
638,101.9,95.567,303.713,-2,6.757,0.671,15.0,2.75,2
638,102.0,95.47,303.037,-2,6.761,0.042,15.0,2.75,2
638,102.1,95.372,302.353,-2,6.836,0.742,15.0,2.75,2
638,102.2,95.276,301.669,-2,6.846,0.105,15.0,2.75,2
638,102.3,95.178,300.98,-2,6.886,0.402,15.0,2.75,2
638,102.4,95.079,300.293,-2,6.871,-0.151,15.0,2.75,2
638,102.5,94.979,299.6,-2,6.932,0.611,15.0,2.75,2
638,102.6,94.879,298.906,-2,6.935,0.025,15.0,2.75,2
638,102.7,94.782,298.209,-2,6.971,0.36,15.0,2.75,2
638,102.8,94.685,297.514,-2,6.955,-0.163,15.0,2.75,2
638,102.9,94.586,296.816,-2,6.977,0.225,15.0,2.75,2
638,103.0,94.487,296.117,-2,6.991,0.14,15.0,2.75,2
638,103.1,94.384,295.413,-2,7.038,0.471,15.0,2.75,2
638,103.2,94.281,294.71,-2,7.032,-0.061,15.0,2.75,2
638,103.3,94.179,294.007,-2,7.024,-0.079,15.0,2.75,2
638,103.4,94.077,293.302,-2,7.055,0.309,15.0,2.75,2
638,103.5,93.977,292.598,-2,7.037,-0.176,15.0,2.75,2
638,103.6,93.876,291.892,-2,7.061,0.239,15.0,2.75,2
638,103.7,93.776,291.188,-2,7.039,-0.224,15.0,2.75,2
638,103.8,93.676,290.482,-2,7.06,0.208,15.0,2.75,2
638,103.9,93.576,289.775,-2,7.075,0.153,15.0,2.75,2
638,104.0,93.481,289.07,-2,7.046,-0.285,15.0,2.75,2
638,104.1,93.384,288.364,-2,7.063,0.167,15.0,2.75,2
638,104.2,93.287,287.656,-2,7.076,0.127,15.0,2.75,2
638,104.3,93.189,286.947,-2,7.085,0.094,15.0,2.75,2
638,104.4,93.095,286.238,-2,7.092,0.068,15.0,2.75,2
638,104.5,92.999,285.529,-2,7.097,0.046,15.0,2.75,2
638,104.6,92.902,284.815,-2,7.139,0.424,15.0,2.75,2
638,104.7,92.807,284.102,-2,7.131,-0.076,15.0,2.75,2
638,104.8,92.715,283.385,-2,7.164,0.322,15.0,2.75,2
638,104.9,92.621,282.666,-2,7.187,0.235,15.0,2.75,2
638,105.0,92.528,281.946,-3,7.203,0.162,15.0,2.75,2
638,105.1,92.437,281.221,-3,7.253,0.497,15.0,2.75,2
638,105.2,92.347,280.492,-3,7.289,0.358,15.0,2.75,2
638,105.3,92.262,279.761,-3,7.313,0.242,15.0,2.75,2
638,105.4,92.176,279.024,-3,7.367,0.542,15.0,2.75,2
638,105.5,92.093,278.283,-3,7.405,0.376,15.0,2.75,2
638,105.6,92.009,277.541,-3,7.429,0.24,15.0,2.75,2
638,105.7,91.927,276.789,-3,7.521,0.921,15.0,2.75,2
638,105.8,91.847,276.03,-3,7.586,0.653,15.0,2.75,2
638,105.9,91.768,275.267,-3,7.629,0.433,15.0,2.75,2
638,106.0,91.693,274.494,-3,7.734,1.045,15.0,2.75,2
638,106.1,91.618,273.713,-3,7.806,0.723,15.0,2.75,2
638,106.2,91.546,272.924,-3,7.892,0.855,15.0,2.75,2
638,106.3,91.476,272.121,-3,8.026,1.344,15.0,2.75,2
638,106.4,91.407,271.309,-3,8.118,0.92,15.0,2.75,2
638,106.5,91.339,270.488,-3,8.215,0.971,15.0,2.75,2
638,106.6,91.272,269.656,-3,8.315,1.003,15.0,2.75,2
638,106.7,91.208,268.811,-3,8.457,1.414,15.0,2.75,2
638,106.8,91.147,267.952,-3,8.59,1.328,15.0,2.75,2
638,106.9,91.087,267.08,-3,8.714,1.247,15.0,2.75,2
638,107.0,91.033,266.193,-3,8.871,1.568,15.0,2.75,2
638,107.1,90.978,265.292,-3,9.012,1.411,15.0,2.75,2
638,107.2,90.927,264.378,-3,9.14,1.277,15.0,2.75,2
638,107.3,90.877,263.444,-3,9.335,1.954,15.0,2.75,2
638,107.4,90.833,262.498,-3,9.464,1.285,15.0,2.75,2
638,107.5,90.789,261.532,-3,9.658,1.937,15.0,2.75,2
638,107.6,90.747,260.55,-3,9.822,1.646,15.0,2.75,2
638,107.7,90.708,259.55,-3,10.002,1.802,15.0,2.75,2
638,107.8,90.674,258.534,-3,10.154,1.52,15.0,2.75,2
638,107.9,90.64,257.502,-3,10.323,1.689,15.0,2.75,2
638,108.0,90.609,256.447,-3,10.544,2.212,15.0,2.75,2
638,108.1,90.584,255.379,-3,10.687,1.424,15.0,2.75,2
638,108.2,90.559,254.29,-3,10.886,1.989,15.0,2.75,2
638,108.3,90.538,253.181,-3,11.089,2.031,15.0,2.75,2
638,108.4,90.519,252.056,-3,11.255,1.661,15.0,2.75,2
638,108.5,90.505,250.913,-3,11.431,1.763,15.0,2.75,2
638,108.6,90.491,249.751,-3,11.616,1.844,15.0,2.75,2
638,108.7,90.48,248.57100000000003,-3,11.806,1.905,15.0,2.75,2
638,108.8,90.471,247.374,-3,11.962,1.555,15.0,2.75,2
638,108.9,90.468,246.16099999999997,-3,12.129,1.679,15.0,2.75,2
638,109.0,90.467,244.93100000000004,-3,12.308,1.78,15.0,2.75,2
638,109.1,90.469,243.68499999999997,-3,12.454,1.466,15.0,2.75,2
638,109.2,90.476,242.424,-3,12.616,1.621,15.0,2.75,2
638,109.3,90.482,241.148,-3,12.752,1.353,15.0,2.75,2
638,109.4,90.491,239.85799999999995,-3,12.906,1.547,15.0,2.75,2
638,109.5,90.507,238.554,-3,13.037,1.31,15.0,2.75,2
638,109.6,90.522,237.23900000000003,-3,13.151,1.134,15.0,2.75,2
638,109.7,90.541,235.91,-3,13.291,1.403,15.0,2.75,2
638,109.8,90.565,234.569,-3,13.414,1.228,15.0,2.75,2
638,109.9,90.591,233.22000000000003,-3,13.484,0.704,15.0,2.75,2
638,110.0,90.619,231.861,-3,13.594,1.101,15.0,2.75,2
638,110.1,90.651,230.495,-3,13.658,0.636,15.0,2.75,2
638,110.2,90.683,229.11800000000005,-3,13.766,1.078,15.0,2.75,2
638,110.3,90.72,227.735,-3,13.83,0.645,15.0,2.75,2
638,110.4,90.76,226.34900000000005,-3,13.862,0.32,15.0,2.75,2
638,110.5,90.802,224.958,-3,13.91,0.481,15.0,2.75,2
638,110.6,90.844,223.56100000000004,-3,13.973,0.625,15.0,2.75,2
638,110.7,90.891,222.16,-3,14.008,0.355,15.0,2.75,2
638,110.8,90.941,220.75800000000004,-3,14.024,0.158,15.0,2.75,2
638,110.9,90.992,219.351,-3,14.066,0.416,15.0,2.75,2
638,111.0,91.044,217.94600000000003,-3,14.05,-0.159,15.0,2.75,2
638,111.1,91.101,216.539,-3,14.07,0.198,15.0,2.75,2
638,111.2,91.16,215.12300000000005,-3,14.158,0.887,15.0,2.75,2
638,111.3,91.222,213.713,-3,14.103,-0.549,15.0,2.75,2
638,111.4,91.284,212.303,-3,14.096,-0.079,15.0,2.75,2
638,111.5,91.346,210.891,-3,14.126,0.306,15.0,2.75,2
638,111.6,91.408,209.476,-3,14.148,0.217,15.0,2.75,2
638,111.7,91.478,208.024,-3,14.518,3.702,15.0,2.75,2
638,111.8,91.55,206.58000000000004,-3,14.445,-0.731,15.0,2.75,2
638,111.9,91.618,205.14200000000005,-3,14.379,-0.657,15.0,2.75,2
638,112.0,91.688,203.706,-3,14.361,-0.179,15.0,2.75,2
638,112.1,91.762,202.271,-3,14.343,-0.183,15.0,2.75,2
638,112.2,91.835,200.83900000000008,-3,14.326,-0.174,15.0,2.75,2
638,112.3,91.908,199.404,-3,14.35,0.24,15.0,2.75,2
638,112.4,91.98,197.967,-3,14.367,0.171,15.0,2.75,2
638,112.5,92.051,196.525,-3,14.418,0.513,15.0,2.75,2
638,112.6,92.125,195.076,-3,14.496,0.775,15.0,2.75,2
638,112.7,92.198,193.616,-3,14.592,0.967,15.0,2.75,2
638,112.8,92.27,192.146,-3,14.702,1.1,15.0,2.75,2
638,112.9,92.34,190.664,-3,14.821,1.183,15.0,2.75,2
638,113.0,92.41,189.17,-3,14.943,1.226,15.0,2.75,2
638,113.1,92.479,187.659,-3,15.107,1.633,15.0,2.75,2
638,113.2,92.548,186.13699999999997,-3,15.22,1.135,15.0,2.75,2
638,113.3,92.616,184.596,-3,15.411,1.911,15.0,2.75,2
638,113.4,92.681,183.038,-3,15.581,1.702,15.0,2.75,2
638,113.5,92.746,181.46500000000003,-3,15.733,1.514,15.0,2.75,2
638,113.6,92.809,179.87400000000002,-3,15.907,1.743,15.0,2.75,2
638,113.7,92.865,178.264,-3,16.097,1.904,15.0,2.75,2
638,113.8,92.921,176.63800000000003,-3,16.259,1.616,15.0,2.75,2
638,113.9,92.973,174.99900000000002,-3,16.397,1.378,15.0,2.75,2
638,114.0,93.022,173.34299999999996,-3,16.555,1.582,15.0,2.75,2
638,114.1,93.065,171.67399999999998,-3,16.689,1.342,15.0,2.75,2
638,114.2,93.105,169.99,-3,16.844,1.549,15.0,2.75,2
638,114.3,93.138,168.29600000000005,-3,16.936,0.921,15.0,2.75,2
638,114.4,93.166,166.59400000000005,-2,17.02,0.834,15.0,2.75,2
638,114.5,93.192,164.91200000000003,-2,16.822,-1.981,15.0,2.75,2
638,114.6,93.213,163.255,-2,16.567,-2.541,15.0,2.75,2
638,114.7,93.226,161.59199999999998,-2,16.634,0.664,15.0,2.75,2
638,114.8,93.23,159.928,-3,16.639,0.052,15.0,2.75,2
638,114.9,93.228,158.264,-3,16.638,-0.013,15.0,2.75,2
638,115.0,93.223,156.61699999999996,-3,16.476,-1.622,15.0,2.75,2
638,115.1,93.207,154.99,-3,16.271,-2.048,15.0,2.75,2
638,115.2,93.185,153.38599999999997,-3,16.038,-2.323,15.0,2.75,2
638,115.3,93.156,151.81500000000003,-3,15.712,-3.265,15.0,2.75,2
638,115.4,93.113,150.279,-3,15.358,-3.535,15.0,2.75,2
